Opened,Closed,Symbol,Exp,Type,Legs,Quantity,Status,P/L,Risk,ROR,Premium,Reward/Risk,Open Price,Open Bid Price,Open Ask Price,Close Price,Close Bid Price,Close Ask Price,Max Loss,Max Profit,Price at Open,Price at Close,Test
"Sep 14, 2026 1:30pm","Sep 14, 2026 3:56pm","QQQ","Sep 14, 2026","shortputspread","long put 708 / short put 710","1","touch","-40","185","-21.62","15","8.11","0.15","0.14","0.16","0.55","0.5","0.55","185","15","712.35","709.55","A"
"Sep 14, 2026 1:30pm","Sep 14, 2026 1:53pm","QQQ","Sep 14, 2026","shortputspread","long put 708 / short put 710","1","profits","7","185","3.78","15","8.11","0.15","0.14","0.16","0.08","0.06","0.08","185","15","712.35","712.75","B"
"Sep 11, 2026 1:30pm","Sep 11, 2026 4:00pm","QQQ","Sep 11, 2026","shortputspread","long put 713 / short put 715","1","expired","0","188","0","12","6.38","0.12","0.11","0.13","0.12","","","188","12","716.78","714.88","A"
"Sep 11, 2026 1:30pm","Sep 11, 2026 3:42pm","QQQ","Sep 11, 2026","shortputspread","long put 713 / short put 715","1","profits","5","188","2.66","12","6.38","0.12","0.11","0.13","0.07","0.05","0.07","188","12","716.78","715.75","B"
"Sep 10, 2026 1:30pm","Sep 10, 2026 4:00pm","QQQ","Sep 10, 2026","shortputspread","long put 706 / short put 708","1","expired","14","186","7.53","14","7.53","0.14","0.13","0.15","0","","","186","14","710.46","708.63","A"
"Sep 10, 2026 1:30pm","Sep 10, 2026 4:00pm","QQQ","Sep 10, 2026","shortputspread","long put 706 / short put 708","1","expired","14","186","7.53","14","7.53","0.14","0.13","0.15","0","","","186","14","710.46","708.63","B"
"Sep 9, 2026 1:30pm","Sep 9, 2026 4:00pm","QQQ","Sep 9, 2026","shortputspread","long put 712 / short put 714","1","expired","12","188","6.38","12","6.38","0.12","0.11","0.13","0","","","188","12","716.26","716.3","A"
"Sep 9, 2026 1:30pm","Sep 9, 2026 1:54pm","QQQ","Sep 9, 2026","shortputspread","long put 712 / short put 714","1","profits","5","188","2.66","12","6.38","0.12","0.11","0.13","0.07","0.05","0.07","188","12","716.26","716.95","B"
"Sep 8, 2026 1:30pm","Sep 8, 2026 4:00pm","QQQ","Sep 8, 2026","shortputspread","long put 717 / short put 719","1","expired","-43","181","-23.76","19","10.5","0.19","0.18","0.2","0.62","","","181","19","720.27","718.38","B"
"Sep 8, 2026 1:30pm","Sep 8, 2026 2:49pm","QQQ","Sep 8, 2026","shortputspread","long put 717 / short put 719","1","touch","-65","181","-35.91","19","10.5","0.19","0.18","0.2","0.84","0.76","0.84","181","19","720.27","718.2","A"
"Sep 4, 2026 1:30pm","Sep 4, 2026 4:00pm","QQQ","Sep 4, 2026","shortputspread","long put 714 / short put 716","1","expired","17","183","9.29","17","9.29","0.17","0.16","0.18","0","","","183","17","717.51","718.96","A"
"Sep 4, 2026 1:30pm","Sep 4, 2026 2:22pm","QQQ","Sep 4, 2026","shortputspread","long put 714 / short put 716","1","profits","8","183","4.37","17","9.29","0.17","0.16","0.18","0.09","0.07","0.09","183","17","717.51","717.64","B"
"Sep 3, 2026 1:30pm","Sep 3, 2026 4:00pm","QQQ","Sep 3, 2026","shortputspread","long put 713 / short put 715","1","expired","14","186","7.53","14","7.53","0.14","0.13","0.15","0","","","186","14","716.96","717.67","A"
"Sep 3, 2026 1:30pm","Sep 3, 2026 1:52pm","QQQ","Sep 3, 2026","shortputspread","long put 713 / short put 715","1","profits","7","186","3.76","14","7.53","0.14","0.13","0.15","0.07","0.05","0.07","186","14","716.96","717.93","B"
"Sep 2, 2026 1:30pm","Sep 2, 2026 4:00pm","QQQ","Sep 2, 2026","shortputspread","long put 704 / short put 706","1","expired","22","178","12.36","22","12.36","0.22","0.21","0.23","0","","","178","22","708.33","709.24","A"
"Sep 2, 2026 1:30pm","Sep 2, 2026 2:26pm","QQQ","Sep 2, 2026","shortputspread","long put 704 / short put 706","1","profits","10","178","5.62","22","12.36","0.22","0.21","0.23","0.12","0.1","0.12","178","22","708.33","708.83","B"
"Sep 1, 2026 1:30pm","Sep 1, 2026 3:49pm","QQQ","Sep 1, 2026","shortputspread","long put 704 / short put 706","1","profits","10","181","5.52","19","10.5","0.19","0.18","0.2","0.09","0.07","0.09","181","19","708.09","707.93","B"
"Sep 1, 2026 1:30pm","Sep 1, 2026 2:42pm","QQQ","Sep 1, 2026","shortputspread","long put 704 / short put 706","1","touch","-53","181","-29.28","19","10.5","0.19","0.18","0.2","0.72","0.7","0.72","181","19","708.09","705.65","A"
"Aug 31, 2026 1:30pm","Aug 31, 2026 4:00pm","QQQ","Aug 31, 2026","shortputspread","long put 710 / short put 712","1","expired","12","188","6.38","12","6.38","0.12","0.11","0.13","0","","","188","12","714.17","716.76","A"
"Aug 31, 2026 1:30pm","Aug 31, 2026 1:41pm","QQQ","Aug 31, 2026","shortputspread","long put 710 / short put 712","1","profits","5","188","2.66","12","6.38","0.12","0.11","0.13","0.07","0.05","0.07","188","12","714.17","714.75","B"
"Aug 28, 2026 1:30pm","Aug 28, 2026 4:00pm","QQQ","Aug 28, 2026","shortputspread","long put 711 / short put 713","1","expired","21","179","11.73","21","11.73","0.21","0.2","0.23","0","","","179","21","715.86","716.43","A"
"Aug 28, 2026 1:30pm","Aug 28, 2026 1:49pm","QQQ","Aug 28, 2026","shortputspread","long put 711 / short put 713","1","profits","11","179","6.15","21","11.73","0.21","0.2","0.23","0.1","0.08","0.1","179","21","715.86","717.08","B"
"Aug 27, 2026 1:30pm","Aug 27, 2026 3:36pm","QQQ","Aug 27, 2026","shortputspread","long put 716 / short put 718","1","profits","10","180","5.56","20","11.11","0.2","0.19","0.21","0.1","0.08","0.1","180","20","719.77","719.44","B"
"Aug 27, 2026 1:30pm","Aug 27, 2026 2:24pm","QQQ","Aug 27, 2026","shortputspread","long put 716 / short put 718","1","touch","-42","180","-23.33","20","11.11","0.2","0.19","0.21","0.62","0.59","0.62","180","20","719.77","717.99","A"
"Aug 26, 2026 1:30pm","Aug 26, 2026 4:00pm","QQQ","Aug 26, 2026","shortputspread","long put 705 / short put 707","1","expired","25","175","14.29","25","14.29","0.25","0.24","0.27","0","","","175","25","710.6","711.37","A"
"Aug 26, 2026 1:30pm","Aug 26, 2026 3:01pm","QQQ","Aug 26, 2026","shortputspread","long put 705 / short put 707","1","profits","12","175","6.86","25","14.29","0.25","0.24","0.27","0.13","0.11","0.13","175","25","710.6","712.4","B"
"Aug 25, 2026 1:30pm","Aug 25, 2026 4:00pm","QQQ","Aug 25, 2026","shortputspread","long put 706 / short put 708","1","expired","21","179","11.73","21","11.73","0.21","0.2","0.22","0","","","179","21","709.48","710.72","A"
"Aug 25, 2026 1:30pm","Aug 25, 2026 1:56pm","QQQ","Aug 25, 2026","shortputspread","long put 706 / short put 708","1","profits","10","179","5.59","21","11.73","0.21","0.2","0.22","0.11","0.09","0.11","179","21","709.48","709.62","B"
"Aug 24, 2026 1:30pm","Aug 24, 2026 4:00pm","QQQ","Aug 24, 2026","shortputspread","long put 703 / short put 705","1","expired","15","185","8.11","15","8.11","0.15","0.14","0.16","0","","","185","15","707.27","706.32","A"
"Aug 24, 2026 1:30pm","Aug 24, 2026 2:01pm","QQQ","Aug 24, 2026","shortputspread","long put 703 / short put 705","1","profits","7","185","3.78","15","8.11","0.15","0.14","0.16","0.08","0.06","0.08","185","15","707.27","707.41","B"
"Aug 21, 2026 1:30pm","Aug 21, 2026 4:00pm","QQQ","Aug 21, 2026","shortputspread","long put 709 / short put 711","1","expired","11","189","5.82","11","5.82","0.11","0.1","0.12","0","","","189","11","713.42","713.44","A"
"Aug 21, 2026 1:30pm","Aug 21, 2026 2:49pm","QQQ","Aug 21, 2026","shortputspread","long put 709 / short put 711","1","profits","5","189","2.65","11","5.82","0.11","0.1","0.12","0.06","0.04","0.06","189","11","713.42","712.98","B"
"Aug 20, 2026 1:30pm","Aug 20, 2026 4:00pm","QQQ","Aug 20, 2026","shortputspread","long put 706 / short put 708","1","expired","16","184","8.7","16","8.7","0.16","0.15","0.17","0","","","184","16","710.77","710.93","A"
"Aug 20, 2026 1:30pm","Aug 20, 2026 1:51pm","QQQ","Aug 20, 2026","shortputspread","long put 706 / short put 708","1","profits","8","184","4.35","16","8.7","0.16","0.15","0.17","0.08","0.06","0.08","184","16","710.77","711.37","B"
"Aug 19, 2026 1:30pm","Aug 19, 2026 4:00pm","QQQ","Aug 19, 2026","shortputspread","long put 712 / short put 714","1","expired","18","182","9.89","18","9.89","0.18","0.17","0.19","0","","","182","18","716.54","716.08","A"
"Aug 19, 2026 1:30pm","Aug 19, 2026 2:02pm","QQQ","Aug 19, 2026","shortputspread","long put 712 / short put 714","1","profits","10","182","5.49","18","9.89","0.18","0.17","0.19","0.08","0.06","0.08","182","18","716.54","717.35","B"
"Aug 18, 2026 1:30pm","Aug 18, 2026 4:00pm","QQQ","Aug 18, 2026","shortputspread","long put 714 / short put 716","1","expired","14","186","7.53","14","7.53","0.14","0.13","0.15","0","","","186","14","718.35","717.51","A"
"Aug 18, 2026 1:30pm","Aug 18, 2026 3:23pm","QQQ","Aug 18, 2026","shortputspread","long put 714 / short put 716","1","profits","6","186","3.23","14","7.53","0.14","0.13","0.15","0.08","0.06","0.08","186","14","718.35","717.5","B"
"Aug 17, 2026 1:30pm","Aug 17, 2026 4:00pm","QQQ","Aug 17, 2026","shortputspread","long put 726 / short put 728","1","expired","19","181","10.5","19","10.5","0.19","0.18","0.2","0","","","181","19","730.02","729.87","A"
"Aug 17, 2026 1:30pm","Aug 17, 2026 1:44pm","QQQ","Aug 17, 2026","shortputspread","long put 726 / short put 728","1","profits","9","181","4.97","19","10.5","0.19","0.18","0.2","0.1","0.08","0.1","181","19","730.02","730.56","B"
"Aug 14, 2026 1:30pm","Aug 14, 2026 4:00pm","QQQ","Aug 14, 2026","shortputspread","long put 725 / short put 727","1","expired","13","187","6.95","13","6.95","0.13","0.12","0.14","0","","","187","13","729.02","731.07","A"
"Aug 14, 2026 1:30pm","Aug 14, 2026 2:00pm","QQQ","Aug 14, 2026","shortputspread","long put 725 / short put 727","1","profits","6","187","3.21","13","6.95","0.13","0.12","0.14","0.07","0.05","0.07","187","13","729.02","729.53","B"
"Aug 13, 2026 1:30pm","Aug 13, 2026 4:00pm","QQQ","Aug 13, 2026","shortputspread","long put 729 / short put 731","1","expired","17","183","9.29","17","9.29","0.17","0.16","0.18","0","","","183","17","733.05","732.07","A"
"Aug 13, 2026 1:30pm","Aug 13, 2026 2:57pm","QQQ","Aug 13, 2026","shortputspread","long put 729 / short put 731","1","profits","8","183","4.37","17","9.29","0.17","0.16","0.18","0.09","0.07","0.09","183","17","733.05","733.21","B"
"Aug 12, 2026 1:30pm","Aug 12, 2026 4:00pm","QQQ","Aug 12, 2026","shortputspread","long put 721 / short put 723","1","expired","17","183","9.29","17","9.29","0.17","0.16","0.18","0","","","183","17","725.09","723.7","A"
"Aug 12, 2026 1:30pm","Aug 12, 2026 2:40pm","QQQ","Aug 12, 2026","shortputspread","long put 721 / short put 723","1","profits","8","183","4.37","17","9.29","0.17","0.16","0.18","0.09","0.07","0.09","183","17","725.09","725.14","B"
"Aug 11, 2026 1:30pm","Aug 11, 2026 4:00pm","QQQ","Aug 11, 2026","shortputspread","long put 713 / short put 715","1","expired","13","187","6.95","13","6.95","0.13","0.12","0.14","0","","","187","13","717.66","718.45","A"
"Aug 11, 2026 1:30pm","Aug 11, 2026 1:43pm","QQQ","Aug 11, 2026","shortputspread","long put 713 / short put 715","1","profits","6","187","3.21","13","6.95","0.13","0.12","0.14","0.07","0.05","0.07","187","13","717.66","718.38","B"
"Aug 10, 2026 1:30pm","Aug 10, 2026 4:00pm","QQQ","Aug 10, 2026","shortputspread","long put 718 / short put 720","1","expired","19","181","10.5","19","10.5","0.19","0.18","0.2","0","","","181","19","721.94","720.87","A"
"Aug 10, 2026 1:30pm","Aug 10, 2026 2:57pm","QQQ","Aug 10, 2026","shortputspread","long put 718 / short put 720","1","profits","9","181","4.97","19","10.5","0.19","0.18","0.2","0.1","0.08","0.1","181","19","721.94","721.65","B"
"Aug 7, 2026 1:30pm","Aug 7, 2026 4:00pm","QQQ","Aug 7, 2026","shortputspread","long put 716 / short put 718","1","expired","14","186","7.53","14","7.53","0.14","0.13","0.15","0","","","186","14","720.9","723.03","A"
"Aug 7, 2026 1:30pm","Aug 7, 2026 3:01pm","QQQ","Aug 7, 2026","shortputspread","long put 716 / short put 718","1","profits","7","186","3.76","14","7.53","0.14","0.13","0.15","0.07","0.05","0.07","186","14","720.9","720.71","B"
"Aug 6, 2026 1:30pm","Aug 6, 2026 4:00pm","QQQ","Aug 6, 2026","shortputspread","long put 711 / short put 713","1","expired","25","175","14.29","25","14.29","0.25","0.24","0.27","0","","","175","25","715.41","714.65","A"
"Aug 6, 2026 1:30pm","Aug 6, 2026 2:17pm","QQQ","Aug 6, 2026","shortputspread","long put 711 / short put 713","1","profits","14","175","8","25","14.29","0.25","0.24","0.27","0.11","0.09","0.11","175","25","715.41","716.32","B"
"Aug 5, 2026 1:30pm","Aug 5, 2026 4:00pm","QQQ","Aug 5, 2026","shortputspread","long put 715 / short put 717","1","expired","19","181","10.5","19","10.5","0.19","0.18","0.2","0","","","181","19","720.78","717.3","A"
"Aug 5, 2026 1:30pm","Aug 5, 2026 2:06pm","QQQ","Aug 5, 2026","shortputspread","long put 715 / short put 717","1","profits","9","181","4.97","19","10.5","0.19","0.18","0.2","0.1","0.08","0.1","181","19","720.78","721.42","B"
"Aug 4, 2026 1:30pm","Aug 4, 2026 4:00pm","QQQ","Aug 4, 2026","shortputspread","long put 716 / short put 718","1","expired","20","180","11.11","20","11.11","0.2","0.19","0.21","0","","","180","20","722.35","723.85","A"
"Aug 4, 2026 1:30pm","Aug 4, 2026 2:21pm","QQQ","Aug 4, 2026","shortputspread","long put 716 / short put 718","1","profits","9","180","5","20","11.11","0.2","0.19","0.21","0.11","0.09","0.11","180","20","722.35","723.68","B"
"Aug 3, 2026 1:30pm","Aug 3, 2026 4:00pm","QQQ","Aug 3, 2026","shortputspread","long put 695 / short put 697","1","expired","16","184","8.7","16","8.7","0.16","0.15","0.17","0","","","184","16","699.67","700.07","A"
"Aug 3, 2026 1:30pm","Aug 3, 2026 2:05pm","QQQ","Aug 3, 2026","shortputspread","long put 695 / short put 697","1","profits","7","184","3.8","16","8.7","0.16","0.15","0.17","0.09","0.07","0.09","184","16","699.67","701.13","B"
"Jul 31, 2026 1:30pm","Jul 31, 2026 4:00pm","QQQ","Jul 31, 2026","shortputspread","long put 684 / short put 686","1","expired","22","178","12.36","22","12.36","0.22","0.21","0.23","0","","","178","22","689.36","687.99","A"
"Jul 31, 2026 1:30pm","Jul 31, 2026 2:51pm","QQQ","Jul 31, 2026","shortputspread","long put 684 / short put 686","1","profits","10","178","5.62","22","12.36","0.22","0.21","0.23","0.12","0.1","0.12","178","22","689.36","689.29","B"
"Jul 30, 2026 1:30pm","Jul 30, 2026 4:00pm","QQQ","Jul 30, 2026","shortputspread","long put 676 / short put 678","1","expired","21","179","11.73","21","11.73","0.21","0.2","0.22","0","","","179","21","681.99","683.55","A"
"Jul 30, 2026 1:30pm","Jul 30, 2026 3:00pm","QQQ","Jul 30, 2026","shortputspread","long put 676 / short put 678","1","profits","10","179","5.59","21","11.73","0.21","0.2","0.22","0.11","0.09","0.11","179","21","681.99","682.32","B"
"Jul 29, 2026 1:30pm","Jul 29, 2026 4:00pm","QQQ","Jul 29, 2026","shortputspread","long put 659 / short put 661","1","expired","34","166","20.48","34","20.48","0.34","0.33","0.35","0","","","166","34","669.12","661.73","A"
"Jul 29, 2026 1:30pm","Jul 29, 2026 2:01pm","QQQ","Jul 29, 2026","shortputspread","long put 659 / short put 661","1","profits","18","166","10.84","34","20.48","0.34","0.33","0.35","0.16","0.04","0.19","166","34","669.12","673.9","B"
"Jul 28, 2026 1:30pm","Jul 28, 2026 4:00pm","QQQ","Jul 28, 2026","shortputspread","long put 672 / short put 674","1","expired","20","180","11.11","20","11.11","0.2","0.19","0.21","0","","","180","20","677.38","675.49","A"
"Jul 28, 2026 1:30pm","Jul 28, 2026 3:01pm","QQQ","Jul 28, 2026","shortputspread","long put 672 / short put 674","1","profits","12","180","6.67","20","11.11","0.2","0.19","0.21","0.08","0.06","0.08","180","20","677.38","677.2","B"
"Jul 27, 2026 1:30pm","Jul 27, 2026 4:00pm","QQQ","Jul 27, 2026","shortputspread","long put 672 / short put 674","1","expired","29","171","16.96","29","16.96","0.29","0.28","0.3","0","","","171","29","677.37","682.12","A"
"Jul 27, 2026 1:30pm","Jul 27, 2026 1:53pm","QQQ","Jul 27, 2026","shortputspread","long put 672 / short put 674","1","profits","16","171","9.36","29","16.96","0.29","0.28","0.3","0.13","0.11","0.13","171","29","677.37","678.92","B"
"Jul 24, 2026 1:30pm","Jul 24, 2026 4:00pm","QQQ","Jul 24, 2026","shortputspread","long put 685 / short put 687","1","expired","-176","176","-100","24","13.64","0.24","0.23","0.25","2","","","176","24","689.8","684.23","B"
"Jul 24, 2026 1:30pm","Jul 24, 2026 2:21pm","QQQ","Jul 24, 2026","shortputspread","long put 685 / short put 687","1","touch","-50","176","-28.41","24","13.64","0.24","0.23","0.25","0.74","0.72","0.74","176","24","689.8","686.77","A"
"Jul 23, 2026 1:30pm","Jul 23, 2026 4:00pm","QQQ","Jul 23, 2026","shortputspread","long put 687 / short put 689","1","expired","21","179","11.73","21","11.73","0.21","0.2","0.23","0","","","179","21","693.07","691.96","A"
"Jul 23, 2026 1:30pm","Jul 23, 2026 3:59pm","QQQ","Jul 23, 2026","shortputspread","long put 687 / short put 689","1","profits","10","179","5.59","21","11.73","0.21","0.2","0.23","0.11","0.09","0.11","179","21","693.07","692.19","B"
"Jul 22, 2026 1:30pm","Jul 22, 2026 4:00pm","QQQ","Jul 22, 2026","shortputspread","long put 703 / short put 705","1","expired","19","181","10.5","19","10.5","0.19","0.18","0.2","0","","","181","19","708.75","705.35","A"
"Jul 22, 2026 1:30pm","Jul 22, 2026 4:00pm","QQQ","Jul 22, 2026","shortputspread","long put 703 / short put 705","1","expired","19","181","10.5","19","10.5","0.19","0.18","0.2","0","","","181","19","708.75","705.35","B"
"Jul 21, 2026 1:30pm","Jul 21, 2026 4:00pm","QQQ","Jul 21, 2026","shortputspread","long put 705 / short put 707","1","expired","18","182","9.89","18","9.89","0.18","0.17","0.19","0","","","182","18","709.32","708.97","A"
"Jul 21, 2026 1:30pm","Jul 21, 2026 1:50pm","QQQ","Jul 21, 2026","shortputspread","long put 705 / short put 707","1","profits","8","182","4.4","18","9.89","0.18","0.17","0.19","0.1","0.08","0.1","182","18","709.32","709.9","B"
"Jul 20, 2026 1:30pm","Jul 20, 2026 3:14pm","QQQ","Jul 20, 2026","shortputspread","long put 695 / short put 697","1","touch","-52","178","-29.21","22","12.36","0.22","0.21","0.23","0.74","0.71","0.74","178","22","700.14","696.71","A"
"Jul 20, 2026 1:30pm","Jul 20, 2026 2:02pm","QQQ","Jul 20, 2026","shortputspread","long put 695 / short put 697","1","profits","11","178","6.18","22","12.36","0.22","0.21","0.23","0.11","0.09","0.11","178","22","700.14","700.91","B"
"Jul 17, 2026 1:30pm","Jul 17, 2026 4:00pm","QQQ","Jul 17, 2026","shortputspread","long put 696 / short put 698","1","expired","-180","180","-100","20","11.11","0.2","0.19","0.21","2","","","180","20","702","695.33","B"
"Jul 17, 2026 1:30pm","Jul 17, 2026 2:11pm","QQQ","Jul 17, 2026","shortputspread","long put 696 / short put 698","1","touch","-56","180","-31.11","20","11.11","0.2","0.19","0.21","0.76","0.73","0.76","180","20","702","697.91","A"
"Jul 16, 2026 1:30pm","Jul 16, 2026 4:00pm","QQQ","Jul 16, 2026","shortputspread","long put 704 / short put 706","1","expired","20","174","11.49","26","14.94","0.26","0.25","0.27","0.06","","","174","26","708.77","705.94","B"
"Jul 16, 2026 1:30pm","Jul 16, 2026 2:41pm","QQQ","Jul 16, 2026","shortputspread","long put 704 / short put 706","1","touch","-53","174","-30.46","26","14.94","0.26","0.25","0.27","0.79","0.76","0.79","174","26","708.77","705.67","A"
"Jul 15, 2026 1:30pm","Jul 15, 2026 4:00pm","QQQ","Jul 15, 2026","shortputspread","long put 711 / short put 713","1","expired","24","176","13.64","24","13.64","0.24","0.23","0.25","0","","","176","24","715.25","717.74","A"
"Jul 15, 2026 1:30pm","Jul 15, 2026 1:47pm","QQQ","Jul 15, 2026","shortputspread","long put 711 / short put 713","1","profits","12","176","6.82","24","13.64","0.24","0.23","0.25","0.12","0.1","0.12","176","24","715.25","716.57","B"
"Jul 14, 2026 1:30pm","Jul 14, 2026 4:00pm","QQQ","Jul 14, 2026","shortputspread","long put 717 / short put 719","1","expired","21","179","11.73","21","11.73","0.21","0.2","0.22","0","","","179","21","721.17","719.69","A"
"Jul 14, 2026 1:30pm","Jul 14, 2026 2:11pm","QQQ","Jul 14, 2026","shortputspread","long put 717 / short put 719","1","profits","10","179","5.59","21","11.73","0.21","0.2","0.22","0.11","0.09","0.11","179","21","721.17","721.59","B"
"Jul 13, 2026 1:30pm","Jul 13, 2026 4:00pm","QQQ","Jul 13, 2026","shortputspread","long put 708 / short put 710","1","expired","20","180","11.11","20","11.11","0.2","0.19","0.21","0","","","180","20","713.01","711.74","A"
"Jul 13, 2026 1:30pm","Jul 13, 2026 2:52pm","QQQ","Jul 13, 2026","shortputspread","long put 708 / short put 710","1","profits","10","180","5.56","20","11.11","0.2","0.19","0.21","0.1","0.08","0.1","180","20","713.01","712.9","B"
"Jul 10, 2026 1:30pm","Jul 10, 2026 4:00pm","QQQ","Jul 10, 2026","shortputspread","long put 722 / short put 724","1","expired","19","181","10.5","19","10.5","0.19","0.18","0.2","0","","","181","19","725.78","725.51","A"
"Jul 10, 2026 1:30pm","Jul 10, 2026 3:03pm","QQQ","Jul 10, 2026","shortputspread","long put 722 / short put 724","1","profits","10","181","5.52","19","10.5","0.19","0.18","0.2","0.09","0.07","0.09","181","19","725.78","725.77","B"
"Jul 9, 2026 1:30pm","Jul 9, 2026 3:55pm","QQQ","Jul 9, 2026","shortputspread","long put 720 / short put 722","1","touch","-22","183","-12.02","17","9.29","0.17","0.16","0.18","0.39","0.36","0.39","183","17","724.12","721.97","A"
"Jul 9, 2026 1:30pm","Jul 9, 2026 3:45pm","QQQ","Jul 9, 2026","shortputspread","long put 720 / short put 722","1","profits","8","183","4.37","17","9.29","0.17","0.16","0.18","0.09","0.07","0.09","183","17","724.12","723.11","B"
"Jul 8, 2026 1:30pm","Jul 8, 2026 4:00pm","QQQ","Jul 8, 2026","shortputspread","long put 705 / short put 707","1","expired","21","179","11.73","21","11.73","0.21","0.2","0.22","0","","","179","21","710.74","711.44","A"
"Jul 8, 2026 1:30pm","Jul 8, 2026 3:21pm","QQQ","Jul 8, 2026","shortputspread","long put 705 / short put 707","1","profits","10","179","5.59","21","11.73","0.21","0.2","0.22","0.11","0.09","0.11","179","21","710.74","709.85","B"
"Jul 7, 2026 1:30pm","Jul 7, 2026 4:00pm","QQQ","Jul 7, 2026","shortputspread","long put 708 / short put 710","1","expired","-32","175","-18.29","25","14.29","0.25","0.24","0.26","0.57","","","175","25","712.75","709.43","B"
"Jul 7, 2026 1:30pm","Jul 7, 2026 2:53pm","QQQ","Jul 7, 2026","shortputspread","long put 708 / short put 710","1","touch","-45","175","-25.71","25","14.29","0.25","0.24","0.26","0.7","0.68","0.7","175","25","712.75","709.89","A"
"Jul 6, 2026 1:30pm","Jul 6, 2026 4:00pm","QQQ","Jul 6, 2026","shortputspread","long put 718 / short put 720","1","expired","18","182","9.89","18","9.89","0.18","0.17","0.19","0","","","182","18","722.77","722.82","A"
"Jul 6, 2026 1:30pm","Jul 6, 2026 2:17pm","QQQ","Jul 6, 2026","shortputspread","long put 718 / short put 720","1","profits","8","182","4.4","18","9.89","0.18","0.17","0.19","0.1","0.08","0.1","182","18","722.77","723.44","B"
"Jul 2, 2026 1:30pm","Jul 2, 2026 4:00pm","QQQ","Jul 2, 2026","shortputspread","long put 704 / short put 706","1","expired","22","178","12.36","22","12.36","0.22","0.21","0.23","0","","","178","22","710.43","712.6","A"
"Jul 2, 2026 1:30pm","Jul 2, 2026 2:28pm","QQQ","Jul 2, 2026","shortputspread","long put 704 / short put 706","1","profits","10","178","5.62","22","12.36","0.22","0.21","0.23","0.12","0.1","0.12","178","22","710.43","710.99","B"
"Jul 1, 2026 1:30pm","Jul 1, 2026 3:58pm","QQQ","Jul 1, 2026","shortputspread","long put 723 / short put 725","1","touch","-34","184","-18.48","16","8.7","0.16","0.15","0.17","0.5","0.47","0.5","184","16","728.36","724.92","A"
"Jul 1, 2026 1:30pm","Jul 1, 2026 3:07pm","QQQ","Jul 1, 2026","shortputspread","long put 723 / short put 725","1","profits","7","184","3.8","16","8.7","0.16","0.15","0.17","0.09","0.07","0.09","184","16","728.36","728.12","B"
"Jun 30, 2026 1:30pm","Jun 30, 2026 4:00pm","QQQ","Jun 30, 2026","shortputspread","long put 731 / short put 733","1","expired","23","177","12.99","23","12.99","0.23","0.22","0.24","0","","","177","23","735.91","736.4","A"
"Jun 30, 2026 1:30pm","Jun 30, 2026 2:43pm","QQQ","Jun 30, 2026","shortputspread","long put 731 / short put 733","1","profits","11","177","6.21","23","12.99","0.23","0.22","0.24","0.12","0.1","0.12","177","23","735.91","736.3","B"
"Jun 29, 2026 1:30pm","Jun 29, 2026 4:00pm","QQQ","Jun 29, 2026","shortputspread","long put 717 / short put 719","1","expired","16","184","8.7","16","8.7","0.16","0.15","0.17","0","","","184","16","723","724.08","A"
"Jun 29, 2026 1:30pm","Jun 29, 2026 2:36pm","QQQ","Jun 29, 2026","shortputspread","long put 717 / short put 719","1","profits","8","184","4.35","16","8.7","0.16","0.15","0.17","0.08","0.06","0.08","184","16","723","723.41","B"
"Jun 26, 2026 1:30pm","Jun 26, 2026 4:00pm","QQQ","Jun 26, 2026","shortputspread","long put 708 / short put 710","1","expired","-178","178","-100","22","12.36","0.22","0.21","0.24","2","","","178","22","713.59","706.52","B"
"Jun 26, 2026 1:30pm","Jun 26, 2026 2:28pm","QQQ","Jun 26, 2026","shortputspread","long put 708 / short put 710","1","touch","-49","178","-27.53","22","12.36","0.22","0.21","0.24","0.71","0.69","0.71","178","22","713.59","709.87","A"
"Jun 25, 2026 1:30pm","Jun 25, 2026 4:00pm","QQQ","Jun 25, 2026","shortputspread","long put 710 / short put 712","1","expired","24","176","13.64","24","13.64","0.24","0.23","0.25","0","","","176","24","716.61","716.38","A"
"Jun 25, 2026 1:30pm","Jun 25, 2026 2:19pm","QQQ","Jun 25, 2026","shortputspread","long put 710 / short put 712","1","profits","11","176","6.25","24","13.64","0.24","0.23","0.25","0.13","0.11","0.13","176","24","716.61","718.11","B"
"Jun 24, 2026 1:30pm","Jun 24, 2026 4:00pm","QQQ","Jun 24, 2026","shortputspread","long put 699 / short put 701","1","expired","25","175","14.29","25","14.29","0.25","0.24","0.26","0","","","175","25","708.05","710.62","A"
"Jun 24, 2026 1:30pm","Jun 24, 2026 2:16pm","QQQ","Jun 24, 2026","shortputspread","long put 699 / short put 701","1","profits","13","175","7.43","25","14.29","0.25","0.24","0.26","0.12","0.1","0.12","175","25","708.05","709.96","B"
"Jun 23, 2026 1:30pm","Jun 23, 2026 4:00pm","QQQ","Jun 23, 2026","shortputspread","long put 713 / short put 715","1","expired","-117","182","-64.29","18","9.89","0.18","0.17","0.19","1.35","","","182","18","719.08","713.65","B"
"Jun 23, 2026 1:30pm","Jun 23, 2026 2:41pm","QQQ","Jun 23, 2026","shortputspread","long put 713 / short put 715","1","touch","-70","182","-38.46","18","9.89","0.18","0.17","0.19","0.88","0.85","0.88","182","18","719.08","714.23","A"
"Jun 22, 2026 1:30pm","Jun 22, 2026 4:00pm","QQQ","Jun 22, 2026","shortputspread","long put 732 / short put 734","1","expired","23","177","12.99","23","12.99","0.23","0.22","0.24","0","","","177","23","736.65","737.95","A"
"Jun 22, 2026 1:30pm","Jun 22, 2026 1:54pm","QQQ","Jun 22, 2026","shortputspread","long put 732 / short put 734","1","profits","11","177","6.21","23","12.99","0.23","0.22","0.24","0.12","0.1","0.12","177","23","736.65","737.72","B"
"Jun 18, 2026 1:30pm","Jun 18, 2026 4:00pm","QQQ","Jun 18, 2026","shortputspread","long put 735 / short put 737","1","expired","16","184","8.7","16","8.7","0.16","0.15","0.17","0","","","184","16","739.99","740.62","A"
"Jun 18, 2026 1:30pm","Jun 18, 2026 2:53pm","QQQ","Jun 18, 2026","shortputspread","long put 735 / short put 737","1","profits","8","184","4.35","16","8.7","0.16","0.15","0.17","0.08","0.06","0.08","184","16","739.99","740.03","B"
"Jun 17, 2026 1:30pm","Jun 17, 2026 2:44pm","QQQ","Jun 17, 2026","shortputspread","long put 724 / short put 726","1","profits","15","174","8.62","26","14.94","0.26","0.25","0.27","0.11","0.09","0.11","174","26","732.78","734.65","B"
"Jun 17, 2026 1:30pm","Jun 17, 2026 2:06pm","QQQ","Jun 17, 2026","shortputspread","long put 724 / short put 726","1","touch","-75","174","-43.1","26","14.94","0.26","0.25","0.27","1.01","0.88","1.03","174","26","732.78","724.59","A"
"Jun 16, 2026 1:30pm","Jun 16, 2026 3:54pm","QQQ","Jun 16, 2026","shortputspread","long put 729 / short put 731","1","touch","-30","179","-16.76","21","11.73","0.21","0.2","0.22","0.51","0.49","0.51","179","21","733.63","730.87","A"
"Jun 16, 2026 1:30pm","Jun 16, 2026 1:55pm","QQQ","Jun 16, 2026","shortputspread","long put 729 / short put 731","1","profits","10","179","5.59","21","11.73","0.21","0.2","0.22","0.11","0.09","0.11","179","21","733.63","734.81","B"
"Jun 15, 2026 1:30pm","Jun 15, 2026 4:00pm","QQQ","Jun 15, 2026","shortputspread","long put 739 / short put 741","1","expired","11","189","5.82","11","5.82","0.11","0.1","0.12","0","","","189","11","744.01","744","A"
"Jun 15, 2026 1:30pm","Jun 15, 2026 3:10pm","QQQ","Jun 15, 2026","shortputspread","long put 739 / short put 741","1","profits","5","189","2.65","11","5.82","0.11","0.1","0.12","0.06","0.04","0.06","189","11","744.01","743.34","B"