id,mechanic,trigger,action,conditions_used,underlying,dte,source_title,source_url,source_type,evidence_type,sample_n,period,out_of_sample,claimed_effect,quote,oa_expressible,oa_backtestable,notes
R01,"multiple-of-credit stop loss","position value = 0.5x–5x credit","close whole position","position return % vs credit","SPY","~30-45 DTE","Tight Stop Losses: A Double-Edged Sword (tastylive, Kai Zeng)","https://www.tastylive.com/news-insights/Do-Smaller-Losses-Lead-to-Better-Performance","vendor-research","anecdote","undisclosed","undisclosed","unknown","Stops at 100–500% of premium underperform holding to expiration; tighter 25/50/75% loss limits cut vol but hurt returns and success rate; 21-DTE exit is the better compromise","even the most favorable stop-loss strategy—exiting positions at 2x the premium—tends to underperform","native — position return % is a native trigger (§5.1); stop loss is a native Exit Option","y — exit-only rule, backtester models SL natively","Describes internal study; n and period not printed on page → anecdote per dispatch rule. Applies to multi-DTE, not 0DTE."
R02,"multiple-of-credit stop loss","loss = 1x–5x credit on SPY strangle","close position","position P/L multiple of credit","SPY","~45 DTE","Alternative to Managing Losers (tastylive)","https://www.tastylive.com/news-insights/alternative-to-managing-losers","vendor-research","anecdote","undisclosed","~10 yr (""over a decade"")","unknown","Managing strangles at 1–5x credit loss underperformed SPY buy-and-hold by 40%; biggest losing trades cluster inside ~21 DTE","managing a strangle based on the size of its loss is an ineffective strategy","native — same as R01","y — per-position stop expressible; leg-pairing needed for strangle-level view","Research Team study; n not printed. Losses accelerate inside 21 DTE = gamma concentration — maps to our 14:00-15:30 give-back signature."
R03,"multiple-of-credit stop loss (0.5x/1x/2x credit)","0DTE condor value hits 0.5x/1x/2x credit","close whole condor","position value vs credit","SPX","0DTE","Why Half of Zero-DTE Iron Condor Stops Fire Too Early (stockwirex, reporting tastytrade backtest)","https://stockwirex.com/analysis/zero-dte-iron-condor-stop-loss-strategy/","news-analysis","anecdote","undisclosed","from 2022-05-20","unknown","Delta-20 $20-wide 0DTE SPX IC: unmanaged WR ~72%; at 0.5x stop 48% of stopped trades recovered to >=breakeven by expiry; 0.5x stop cuts CVaR >50%; loser intraday swing $500→$153; WR drops <50%; RoC ~halves; avg P/L positive at all thresholds","stopped out at the 0.5x threshold would have recovered to at least breakeven","native — multiple-of-credit stop is a native Exit Option","y — native SL modeling; but fills at mid vs realistic unverified in OA backtester","Secondhand report of tastytrade study; n undisclosed → anecdote-tier per rule. Most directly relevant external datum to the whipsaw question."
R04,"fixed-time flat exit","clock time (15:45 ET)","buy back entire condor","time of day","SPY","0DTE","The 0DTE iron condor: a 75% win rate that still loses money (OptionKrafter)","https://optionkrafter.com/blog/0dte-iron-condor","blog-backtest","backtest","602","2023-04-03 to 2025-12-31","n","Design element: every position flat by 15:45; realistic-fill net -$655 vs +$427 at mid; 75.4% WR vs 76.6% break-even requirement","buy everything back at 15:45 ET — no position ever rides into the close","native — time-of-day close is a native monitor/exit action","y — time exits native in backtester (but exits stop ~15:45 anyway)","Minute-by-minute fills on historical option trade prints. The fill model is the load-bearing detail — mid fills flip the sign."
R05,"profit target + stop (50% PT / 2x SL)","PT 50% of credit; SL 2x credit","close condor","position return %","SPY","0DTE","The 0DTE iron condor: a 75% win rate that still loses money (OptionKrafter)","https://optionkrafter.com/blog/0dte-iron-condor","blog-backtest","backtest","602","2023-04-03 to 2025-12-31","n","Exit mix: 442 PT / 130 stop / 28 flat / 2 expired; win rate below its own break-even at realistic fills; average win $21 vs average loss $69","the strategy's theoretical edge is smaller than the cost of crossing","native — PT and SL are native Exit Options","y — both modeled natively","Same source as R04; row isolates the exit-stack result."
R06,"event-day skip (FOMC/CPI)","economic calendar","stand aside for the day","scheduled macro events","SPY","0DTE","The 0DTE iron condor: a 75% win rate that still loses money (OptionKrafter, variant B)","https://optionkrafter.com/blog/0dte-iron-condor","blog-backtest","backtest","556","2023-04-03 to 2025-12-31","n","Skipping 53 FOMC/CPI days recovers $138 of a -$655 loss; event days ran -$3.00/trade at 71.7% WR vs -$0.93 ordinary days; does not flip the sign","Event days hurt; they are not the reason the strategy loses","native — day-of-week and economic-news decisions exist (docs decision-actions)","y — entry filter, expressible and backtestable","Actual FOMC/CPI dates including shutdown-shifted CPI. An entry-day filter, not a mid-trade defense."
R07,"min-credit gate","total credit < $0.20","skip the day","credit received","SPY","0DTE","The 0DTE iron condor: a 75% win rate that still loses money (OptionKrafter)","https://optionkrafter.com/blog/0dte-iron-condor","blog-backtest","backtest","602 (88 skipped)","2023-04-03 to 2025-12-31","n","Min-credit filter removed ~88 trading days where credit < $0.20 at 10:00 ET","88 trading days produced no trade","native — opportunity/minimum-credit criteria exist at entry","y — entry filter","Fleet already runs a $0.07 credit floor; this row confirms the mechanism class."
R08,"day-of-week exclusion","day = Wednesday or Friday","skip day","calendar weekday","SPX","0DTE","Refining The 0DTE SPX Breakout Strategy with Evidence-Based Exclusions (Quantish)","https://blog.quantish.io/2025/09/24/refining-the-0dte-spx-breakout-strategy/","blog-backtest","backtest","603 full / 363 excl.","2022-05 to 2025-09","partial — effect persistent on rolling 60d basis across window","Excluding Wed+Fri: net profit 528%→1135%, max DD 46.0%→23.7%, Sharpe 1.254→2.258; Wed/Fri losses include a -41.8x-RoC outlier; regime-unstable (Wed fails in high VIX, Fri in low)","more than double the profit, halve the drawdown","native — day-of-week is a General Decision (docs)","y — entry filter","Opening-range-breakout credit spreads, not IC — mechanic (weekday exclusion by fat tail) transfers; underlying claim is OPEX/news-driven tail risk."
R09,"VIX-level day filter","VIX > 30 at entry time","skip day","VIX level","SPX","0DTE","spx0dte-strategies MONTE_CARLO_FINDINGS.md (kniyer, GitHub)","https://github.com/kniyer/spx0dte-strategies/blob/main/MONTE_CARLO_FINDINGS.md","repo-simulation","backtest","10,000 trials x 252 days","distributions fitted on 1990-2025","unknown","VIX>30 filter skips 12.4% of days; Sharpe 5.88→8.98; P(DD>20%) 45%→11.8%; VIX>25 skips 20.4%, Sharpe 8.91","VIX filtering increased Sharpe ratio from 5.88 to 8.98","native — VIX level is a native symbol decision input","y — VIX entry filter expressible","Monte Carlo on fitted historical distributions, not tick-level backtest — weaker than real-fills evidence; returns figures are implausibly large (model artifact)."
R10,"credit-conditions gate (HY OAS widening)","BAMLH0A0HYM2 widening over 5/20-day window","stand aside for the day","daily credit-spread change (external data)","QQQ","0DTE","Point Your Agent at This Condor (Zzonted, Bernard Huang)","https://zonted.com/posts/nothing-looked-wrong/","blog-backtest","backtest","622 sessions (~820 configs searched)","~2.5 yr to 2026-08","n — no holdout; author states edge ≈ 1 standard error","HY-spread gate: strict variant Sharpe 3.09 vs 2.00 ungated; +1.08 Sharpe vs SE 1.04; win 68%→74%; CAGR +25.2%/+36.4%; max DD -6.8% vs -11.8%","the edge may not exist at all","partial — signal is external daily data; OA can't fetch FRED, needs webhook/manual input (§11, §12)","partial — signal not computable inside OA backtester","Unusually honest pre-registered write-up; 10 documented bugs; one crisis in sample (Apr 2025). Model for how our gate arms should be reported."
R11,"adaptive strike width (0.75x ATM straddle)","entry computation","scale short-strike distance by straddle price","ATM straddle price (vol regime proxy)","QQQ","0DTE","Point Your Agent at This Condor (Zzonted)","https://zonted.com/posts/nothing-looked-wrong/","blog-backtest","backtest","622 sessions","~2.5 yr","n","Strikes at 0.75x ATM straddle re-scale to vol regime without explicit regime detection; fixed 0.75%-of-spot wings tested better than scaled wings","the market's own estimate of how far the index will move today","partial — strike-by-delta or distance is native; straddle-price-scaled distance is not a native selector","y — fixed-delta strike selection is backtestable; straddle-scaled not natively","Strike-selection mechanic, not a mid-trade defense; relevant to strike-distance work (T2)."
R12,"roll untested side in","one side tested","close untested spread, resell closer to price","underlying near short strike","SPX","multi-DTE","Trade Defense: Rolling Untested Sides (tastylive Market Measures)","https://www.tastylive.com/shows/market-measures/episodes/trade-defense-rolling-untested-sides-03-15-2018","vendor-research","anecdote","undisclosed","undisclosed","unknown","On 16-delta tested SPX strangles, rolling the untested side to form a straddle 'greatly improved' vs holding to expiration","greatly improved upon the do nothing strategy","partial — close+open of the untested spread is native mechanics (two actions), but 'tested' state must be inferred via touch/return, and overlap failsafe if strikes coincide","partial — backtester can't easily model mid-trade re-strike of one side","Canonical tastytrade defense study; parameters live in the episode video, not the page."
R13,"roll untested side in","side tested","roll untested toward price","underlying position vs strikes","SPY","multi-DTE","Why We Roll Strangles (tastylive Market Measures)","https://www.tastylive.com/shows/market-measures/episodes/why-we-roll-strangles-10-28-2016","vendor-research","anecdote","undisclosed","undisclosed","unknown","Backtest showed increased win rate AND average P/L from rolling the untested side vs no management","increased win rate and average P/L","partial — as R12","partial — as R12","Episode description only; numbers inside video."
R14,"convert to iron fly (roll untested to tested strike)","side tested","roll untested short to same short strike","underlying approaching short strike","SPX","multi-DTE","Iron Clad Adjustments (tastylive Market Measures)","https://www.tastylive.com/shows/market-measures/episodes/iron-clad-adjustments-08-26-2014","vendor-research","anecdote","undisclosed","undisclosed","unknown","Rolling untested side to tested strike (iron fly): increased profit per trade but lower win rate","increase their profit but lower their win rate","partial — mechanics same as R12; creates overlapping short strikes (4-strike rule requires care — enforcement says IC has 4 strikes; converting changes structure class)","partial","tastylive's own framed trade-off: more credit, narrower tent."
R15,"roll whole untested spread (not just short leg)","side tested","roll entire untested spread closer","underlying position","generic","multi-DTE","Adjusting Iron Condors — Best Practices (tastylive)","https://www.tastylive.com/shows/best-practices/episodes/adjusting-iron-condors-06-05-2017","vendor-doctrine","theory","n/a","n/a","n/a","Doctrine: adjust the whole untested spread, not only the short option; wider condors adjust better than tight ones","the entire untested spread should be rolled rather than just the short option","partial — as R12","partial","Doctrine without study stats on page."
R16,"roll untested side in","underlying within ~3% or short delta ~25","roll untested closer","distance % or delta threshold","RUT/generic","multi-DTE","Iron Condor Adjustment Strategies (OptionsTradingIQ)","https://optionstradingiq.com/condor-adjustment-strategies/","practitioner-guide","anecdote","worked examples","undisclosed","unknown","Worked example: rolling untested call spread in from 635→630; adjust at ~3% proximity or delta 25","we will roll the untested call spread in","partial — as R12; trigger can use position return or touch","partial","Site 403s to fetchers; content from search snippet + indexed text."
R17,"roll tested side away (down/out)","short delta ~28 (tested)","close tested spread, resell further OTM same expiry","delta threshold","RUT","multi-DTE","Iron Condor Adjustment Strategies (OptionsTradingIQ)","https://optionstradingiq.com/condor-adjustment-strategies/","practitioner-guide","anecdote","worked examples","undisclosed","unknown","Worked example: roll put spread 590/585→570/565 costs $94 net debit; max risk +$94, max profit -$94","our max risk increased by approximately $94","partial — close+open native; widening strikes avoids overlap failsafe","partial — re-striking mid-trade not modelable","Same source, second mechanic."
R18,"delta hedge with underlying","position delta beyond band","buy/sell stock or futures to flatten","net position delta","RUT/ES","multi-DTE","Iron Condor Adjustment Strategies (OptionsTradingIQ) + ClearEdge futures guide","https://optionstradingiq.com/condor-adjustment-strategies/","practitioner-guide","theory","n/a","n/a","n/a","Delta-hedging the threatened side with the underlying listed as one of four canonical IC adjustments","Delta hedging with stock","no — OA cannot trade stock/futures legs (§11; options only)","n — underlying legs outside backtester","Second source: https://www.clearedge.trading/post/futures-options-greeks-automated-position-management-guide (ES-options IC delta-hedge trigger)."
R19,"roll tested side out in time","side breached but <50% of width through","close tested spread, reopen same strikes later expiry","breach depth, net-credit feasibility","SPY/generic","multi-DTE","How to Adjust an Iron Condor When One Side Is Tested (theoptionpremium)","https://www.theoptionpremium.com/p/adjust-iron-condor-one-side-tested","practitioner-guide","theory","worked examples","n/a","n/a","Roll out in time for net credit only; if debit, close tested side outright; creates mismatched-expiry 'unbalanced condor'","Only roll for a net credit","no — 0DTE has no later expiry same day; rolling out changes product (§8 limits new position expiry)","partial — exit+reopen at new expiry isn't in a 0DTE backtest","N/A for 0DTE fleet but canonical for multi-DTE."
R20,"roll tested side down+out","strike reached/breached","reposition further OTM and later expiry","breach depth","SPY/generic","multi-DTE","How to Adjust an Iron Condor When One Side Is Tested (theoptionpremium)","https://www.theoptionpremium.com/p/adjust-iron-condor-one-side-tested","practitioner-guide","theory","worked examples","n/a","n/a","Repositioning improves probability but introduces reversal risk on the moved side","You've moved the call spread closer to the stock","no — as R19","partial","Same source, second mechanic."
R21,"close tested side only, keep winner","directional move likely to continue","close losing spread; let untested side run","trend strength, remaining premium in untested side","SPY/generic","multi-DTE","How to Adjust an Iron Condor When One Side Is Tested (theoptionpremium)","https://www.theoptionpremium.com/p/adjust-iron-condor-one-side-tested","practitioner-guide","theory","worked examples","n/a","n/a","Legging out banks the untested side's decayed premium; avoid in whipsaw or when untested already ~0","Never ignore the winning side when managing the losing side","native — closing one spread position is native (fleet does per-side exits already)","partial — per-side exit modelable; the 'directional' qualifier is not","The fleet's paired-spread structure already expresses this mechanically."
R22,"convert condor to iron fly","underlying moves to center/ATM","bring both short strikes to same strike","price location vs strikes","generic","multi-DTE","Fly and Condor Conversions (Investing With Purpose)","https://iwpfinance.com/concepts/options/fly-and-condor-conversions","practitioner-guide","theory","worked example","n/a","n/a","Conversion tightens profit zone, raises max payoff via extra credit; the mirror image of widening","converting a condor into a butterfly tightens the profit zone","partial — mechanically expressible; structural class change has enforcement implications","partial","Same mechanic family as R14 from a second source."
R23,"convert to iron fly as 'last stand'","continued move against one side","roll untested to share tested strike","severity of test","generic","multi-DTE","Iron Condor Management Guide for Volatile Markets (ImpliedOptions)","https://impliedoptions.com/blog/iron-condor-management-a-practical-guide-in-volatile-markets","practitioner-guide","theory","n/a","n/a","n/a","Frames fly conversion as loss-minimizing last resort, not profit-seeking; adjust at touch or delta 25-30, or at 21 DTE","This is often a last stand move to minimize loss","partial","partial","Doctrine consistent with tastylive R14 result (more profit, lower WR)."
R24,"adjustment decision tree (delta/proximity ladder)","delta bands 0.20/0.25/0.30/0.40","scale out, roll, convert, or close by band","short-strike delta","SPY/generic","multi-DTE","Iron Condor Adjustments (TradeAlgo)","https://www.tradealgo.com/trading-guides/options-strategies/iron-condor-adjustments-how-to-rescue-and-manage-a-losing-iron-condor-trade","practitioner-guide","theory","n/a","n/a","n/a","Delta ladder: 0.25-0.30 first adjustment (roll untested or close 1/3), 0.30-0.40 aggressive, 0.40+ close; adjust best inside 21-10 DTE window","Execute first adjustment (roll untested side or scale out 1/3)","partial — position delta may be readable in position decisions; banded actions native","partial — delta-triggered adjustments mid-trade not modelable","SEO-heavy source; the '12,000-trade tastytrade 2024' claim on this page is unverified — treat as marketing."
R25,"0DTE doctrine stack (2x stop, roll untested, time exits)","various","close at 2x credit; roll untested; flat before 15:45","position value, time","SPY/SPX","0DTE","0DTE Iron Condor Strategy: Same-Day Income Guide (TradeAlgo)","https://www.tradealgo.com/trading-guides/options/0dte-iron-condor","practitioner-guide","theory","n/a","n/a","n/a","Vendor doctrine: pre-define adjustments; 2x stop; roll untested; 50%-of-max before 13:00 time PT; close before 15:45 if in doubt; never add to losers","close the tested side at 2x premium received or roll the untested side in","native — all listed exits native; rolling untested partial","partial — exit rules modelable; roll isn't","Bundles several mechanics; each listed separately in this register."
R26,"time-conditioned profit exit (50% before 13:00)","PT reached before 1pm","close condor","position return + clock","SPY","0DTE","0DTE Iron Condor Strategy (TradeAlgo)","https://www.tradealgo.com/trading-guides/options/0dte-iron-condor","practitioner-guide","theory","n/a","n/a","n/a","Take 50% of max profit if reached before 1:00 PM","If the trade reaches 50% of max profit before 1:00 PM, take it","native — PT + time both native conditions (AND-able in a decision recipe)","y — exit rule","Time-gated PT is expressible natively — one of the few conditional shapes OA supports."
R27,"close before 15:45 when in doubt","pin risk / hovering near strike late","close condor","time + strike proximity","SPY/SPX","0DTE","0DTE Iron Condor Strategy (TradeAlgo)","https://www.tradealgo.com/trading-guides/options/0dte-iron-condor","practitioner-guide","theory","n/a","n/a","n/a","Late-day rule: close before final 15 min when uncertain — insurance against adverse close","close before the final 15 minutes","native — time + position return / touch conditions","y — time exit modelable","Maps directly to the 09-30 loss mode (breach after monitors stop)."
R28,"flat before final 30 min","clock","close condor","time of day","SPX","0DTE","0DTE Iron Condor on SPX: The Strategy and the Rules (OptionsDecay)","https://www.optionsdecay.com/0dte-iron-condor/","practitioner-guide","theory","n/a","n/a","n/a","Gamma peaks in final 30 min; flat the books well before; a 10-pt move near the strike flips winner to stop in minutes","Gamma peaks in the final 30 minutes","native — time exit","y","OptionsDecay runs a mechanical 9:32 system; doctrine page, stats in other pages."
R29,"roll untested side in (0DTE 'adjustable' variant)","day drifts, one side tested","roll untested spread toward money intraday","underlying drift","SPX","0DTE","0DTE Iron Condor on SPX (OptionsDecay, 'Adjustable 9:32' config)","https://www.optionsdecay.com/0dte-iron-condor/","practitioner-guide","anecdote","undisclosed","undisclosed","unknown","Their adjustable config rolls the untested side in during the day to harvest extra credit on choppy tape — 'more credit, more ways to be wrong'","rolls the untested spread toward the money as the day drifts","partial — as R12; on 0DTE the re-struck spread still expires same day (expressible)","partial — re-striking not modelable","Confirms the classic adjustment is used intraday on 0DTE, not just multi-DTE."
R30,"staggered multiple entries + event-day discipline","clock schedule","run several entries across the morning; sit out FOMC/CPI/NFP or size down","time, event calendar","SPX","0DTE","0DTE Iron Condor on SPX (OptionsDecay)","https://www.optionsdecay.com/0dte-iron-condor/","practitioner-guide","theory","n/a","n/a","n/a","Time diversification: staggered entries so one squeeze can't define the result; sit out or size down on event days; honor stops mechanically","You run several, staggered across the morning","native — multiple scanner fires at fixed times; news-event filter native","y — multiple timed entries are backtestable","Alternative to hedging: spread entry times so no single touch kills the day."
R31,"per-side stop = total IC credit ('Breakeven IC')","one side's value hits total credit","stop only that side; other side keeps running","per-side position value","SPX","0DTE","0DTE Breakeven Iron Condor strategy (Theta Profits / Davíð Berndsen)","https://www.thetaprofits.com/0dte-iron-condor-a-consistently-profitable-stratey/","self-reported","live","~9,000+ trades claimed","since 2021-04","n/a (self-reported, unaudited)","Stop on each side set ≈ total premium collected so a one-side stop ≈ breakeven; double-stop 8.6% of trades; only 4 losing months since Apr 2021 (self-reported); +60% over 16 months for Berndsen","set separately for each side equal to or a bit less than the total premium","native — fleet already runs per-side exits; a per-spread SL at total-credit level is expressible","partial — per-side SL modelable if each side is its own position/backtest","Unaudited self-report — strong claim, weak verification. Mechanic maps to whipsaw shape: per-side stop confines damage, lets winner expire."
R32,"tighten surviving side after first stop-out (Talon)","first side stopped","tighten stop on remaining side","stop-fired state + position value","SPX","0DTE","Inside a 0DTE Iron Condor strategy built for smaller drawdowns — MEIC/Talon (Theta Profits, Tom Nunamaker)","https://www.thetaprofits.com/inside-a-0dte-iron-condor-strategy-built-for-smaller-drawdowns/","self-reported","anecdote","double-stop rate 15-17% stated; study n undisclosed","undisclosed","unknown","After first side stops, tighten remaining side's stop: slightly more double-stops but each smaller; 'similar profit, less drawdown'; MEIC runs 6 entries/day noon→14:30","similar profit, but less drawdown is the bottom line","partial — 'first side stopped' state needs a tag (only writable state, §5.3); tightening = update exit options, native","n — state-conditional exit changes not modelable","The state-dependent second-stage stop is exactly what §11 says is hard (condition referencing own past) — tags are the workaround."
R33,"entry-signal search — NEGATIVE RESULT","n/a","tested indicators/vol measures for entry edge","various signals","SPX","0DTE","Inside a 0DTE Iron Condor strategy built for smaller drawdowns (Talon/Nunamaker)","https://www.thetaprofits.com/inside-a-0dte-iron-condor-strategy-built-for-smaller-drawdowns/","self-reported","anecdote","71B-row tick DB claimed","undisclosed","unknown","After building a ~71B-row SPX 0DTE tick database, Nunamaker 'did not find anything sufficiently predictive' for entry timing — moved to the loss side instead","did not find anything sufficiently predictive","n/a — a finding, not a mechanic","n/a","Directly relevant prior-art negative for the §5b 'read conditions at touch' study."
R34,"power-hour flat + pin-score awareness","15:00-16:00 window","no new positions; close by ~15:50","time, pin score, gamma regime","SPY","0DTE","0DTE SPY Playbook: 3 Setups Using Live Gamma & Dealer Data (FlashAlpha)","https://flashalpha.com/articles/0dte-spy-complete-intraday-playbook-same-day-options","vendor-guide","theory","n/a","n/a","n/a","Final hour gamma '6-10x'; pin score >70 = magnet to strike; negative-gamma breakouts can move $2-4 in minutes; close by 15:50","The final 10 minutes are pure gamma noise","native — time exit native; pin score not available in OA","partial — time rule modelable; regime conditioning not","Vendor quantified-doctrine; mechanism claims match academic gamma literature."
R35,"pin/magnet strike pull","approaching high-OI strike","expect magnetic pull OR whipsaw on break","OI concentration at strikes","SPX/SPY","0DTE","0DTE Options and Volatility guide (Volatility Box)","https://volatilitybox.com/research/0dte-options-and-volatility/","vendor-guide","theory","n/a","n/a","n/a","Dealer hedging creates magnet toward high-OI strikes; breaking through flips hedging to accelerant → late-session whipsaw","dealer hedging creates a magnetic pull","no — strike-OI data not readable by OA decisions","n — not computable in backtester","Mechanism for why touches at crowded strikes behave differently — needs external data."
R36,"dealer-gamma regime conditions reversion vs momentum","sign of market-maker net gamma","positive gamma → expect reversal; negative → expect momentum","MM net gamma (external model)","SPX","0DTE","0DTEs: Trading, Gamma Risk and Volatility Propagation (Dim, Eraker, Vilkov — SSRN 4692190)","https://papers.ssrn.com/sol3/papers.cfm?abstract_id=4692190","academic","backtest","full SPX 0DTE market data","2022-era sample (paper 2024)","n (as published)","MM net gamma on average positive → dampens intraday vol; positive gamma strengthens intraday price REVERSAL; negative gamma strengthens MOMENTUM","positive (negative) Market Makers' inventory gamma strengthens intraday price reversal (momentum)","no — gamma regime not natively readable; webhook-only (§11 intraday indicators / §12 webhook)","n — no gamma input to backtester","The strongest academic candidate for the revert-vs-continue label the touch decision needs."
R37,"gamma-flip / key-level awareness","crossing Zero Gamma / Volatility Trigger / walls","expect regime change; support/resistance at walls","dealer GEX model levels","SPX","0DTE","SpotGamma Support — Gamma Flip + Key Levels + 0DTE Explained","https://support.spotgamma.com/hc/en-us/articles/15413261162387-Gamma-Flip","vendor-model","theory","n/a","n/a","n/a","Gamma Flip = modeled price where dealer gamma flips sign; Call Wall 'almost never' closed above on 0DTE; Volatility Trigger below which feedback loops ignite","SPX price almost never closes above the Call Wall","no — proprietary level, webhook-only","n","Vendor model; Dim/Eraker/Vilkov gives the academic version of the same mechanism."
R38,"regime→setup classifier incl. 'wait'","state of gamma regime, walls, pin score","label day as iron fly / iron condor / wait / anti-setup","GEX regime, pin score, expected move, walls","SPY","0DTE","The 0DTE Setup Classifier API (FlashAlpha)","https://flashalpha.com/articles/0dte-setup-api-iron-fly-condor-wait-rules-engine","vendor-model","theory","n/a","n/a","n/a","Deterministic rules engine mapping regime to setup class and anti-setups (trades to skip) — an architecture template for a 'read conditions then choose' response","the trades to skip","no — needs external computed features; webhook would carry the label","n","Closest published analogue to the §5b touch-decision architecture, but entry-time only."
R39,"intraday momentum (early move → late move)","first half-hour return sign","expect last half-hour continuation","first-30min return, 12th-30min return","SPY + 10 ETFs","intraday (all DTE)","Market Intraday Momentum (Gao, Han, Li, Zhou — JFE 129(2))","https://www.sciencedirect.com/science/article/abs/pii/S0304405X18301351","academic","backtest","SPY 1993-2013 + 10 ETFs + futures","1993-2013","y — out-of-sample ROS² 1.4-2.0% reported","First half-hour return predicts last half-hour (R² 1.6%, 2.6% w/ 12th period); stronger on volatile, high-volume, macro-news days","the first half-hour return on the market predicts the last half-hour return","partial — underlying % move since open is native and is a cousin signal; 'first half-hour return' specifically requires referencing a fixed window (§5.1 ambiguities)","partial — % move since open is backtestable","Peer-reviewed with OOS. For our 13:30 entries the relevant analogue is early-afternoon move → close."
R40,"conditional entry-time rules (10:00 ET)","time + market state at 10:00","conditional strategy selection","real-time market state","SPX","0DTE","0DTE Trading Rules (Vilkov — SSRN 4641356)","https://papers.ssrn.com/sol3/papers.cfm?abstract_id=4641356","academic","backtest","full sample","2016-09 to 2026-02","y — 'strict out-of-sample protocol' stated","Positive 0DTE VRP exists but is small and hard to monetize after frictions; disciplined 10:00 ET conditional rules deliver economically meaningful net performance — 'selective timing, not unconditional edge'","disciplined 10:00 ET conditional rules estimated under a strict out-of-sample protocol","partial — OA supports time+state-conditioned decisions natively for the OA-visible subset","partial — state subset matters","Academic support that conditioned 0DTE decisions can carry OOS edge — the §5b hypothesis has prior art at entry-time."
R41,"0DTE variance-risk-premium asymmetry","n/a — structural fact","upside vs downside compensation differs","pricing kernel shape","SPX","0DTE","0DTE Asset Pricing (Almeida, Freire, Hizmeri — SSRN 4701401)","https://papers.ssrn.com/sol3/papers.cfm?abstract_id=4701401","academic","backtest","full 0DTE sample","through ~2025","n (as published)","Investors demand more compensation for positive than negative returns; price-bound violations profitable pre-2022 then dissipated after daily expirations arrived","investors require more compensation for positive market returns than for negative returns","n/a — structural/pricing fact","n/a","Call-side and put-side short premium are not symmetric — matters for a symmetric touch rule."
R42,"0DTE pricing/hedging model improvement","n/a","Edgeworth-expansion pricing for same-day options","return skew/kurtosis","SPX","0DTE","0DTE Option Pricing (Bandi, Fusari, Renò — SSRN 4503344, JF forthcoming)","https://papers.ssrn.com/sol3/papers.cfm?abstract_id=4503344","academic","backtest","full sample","to ~2025","n (as published)","Local-in-time expansions price and hedge 0DTE better than state-of-the-art models; near-instantaneous predictability evidence","significant improvements in the pricing and hedging of zero days-to-expiry","n/a — modeling fact","n/a","Pricing-side prior art; useful when we price the hedge legs (§5b step 2)."
R43,"OMM gamma impact on vol","MM aggregate gamma sign/size","positive gamma damps vol; negative elevates","proprietary OMM positioning","SPX/SPXW","0DTE+","0DTE Index Options and Market Volatility (Cboe-published study, gammasqueezes.pdf)","https://cdn.cboe.com/resources/education/research_publications/gammasqueezes.pdf","exchange-research","backtest","all SPX/SPXW trades, 1-min","2020-07 to 2023-06","n","OMM aggregate gamma usually positive (vol-dampening); volatility elevated when OMM gamma negative; max-impact bounded","volatility is elevated when OMM gamma is negative","n/a — mechanism fact","n/a","Exchange-published with proprietary data — the strongest data backing the GEX mechanism."
R44,"0DTE flow context","n/a","customer flow roughly balanced; retail ~50-60%; >95% limited-risk","trade classification","SPX","0DTE","0DTEs Decoded: Positioning, Trends, and Market Impact (Cboe)","https://www.cboe.com/insights/posts/0-dt-es-decoded-positioning-trends-and-market-impact/","exchange-research","backtest","2M contracts/day","~3 yr to 2025","n",">95% of SPX 0DTE trades are defined-risk; MM net gamma hedging ≤0.2% of daily liquidity; retail share swings with vol","net market maker gamma hedging remains de minimis","n/a — market context","n/a","Calibrates how large the dealer-flow mechanism plausibly is."
R45,"0DTE tail-amplification scenario","hypothetical 5% 5-min drop","estimate unwind feedback","scenario model","SPX","0DTE","JPMorgan estimate via Citywire forum post","https://moneyforums.citywire.com/yaf_postst16063_0DTE--Zero-Day-to-Expiry--Options.aspx","forum/news","theory","n/a","2023","n/a","JPM estimate: a 5% five-minute drop could trigger $30.5B of 0DTE unwind, adding ~20pts of decline; 1-5% drops → +4-8.1pts","the reflexive nature of the 0D options","n/a — scenario fact","n/a","Sell-side estimate, not a study — the 'gamma squeeze' worst-case frame."
R46,"0DTE structural counter-trend","retail short-gamma flow → MM long gamma","daily mean-reversion pressure","flow composition","SPX","0DTE","Yoav Git on Top Traders Unplugged (via biggo finance write-up)","https://finance.biggo.com/news/6fb6a429f599196c","news-analysis","theory","n/a","n/a","n/a","Claim: retail 0DTE straddle selling leaves MMs long gamma → mechanical counter-trend; ~6bp Sharpe headwind per 1% autocorrelation drop for trend-followers","a mechanical counter-trend force","n/a — mechanism fact","n/a","Practitioner quant view supporting the 'positive-gamma day → reversion' intuition; interview-tier."
R47,"debit spread on tested side ('mouse ear'/'cat ear')","side tested (3% proximity or delta ~25)","buy debit spread whose short leg sits at the credit spread's short strike","price proximity / delta","RUT","multi-DTE","Adjusting Iron Condors (OptionsTradingIQ)","https://optionstradingiq.com/adjusting-iron-condors/","practitioner-guide","anecdote","worked examples","undisclosed","unknown","Worked example: debit spread costs $440, position delta -45→-24, reduces capital at risk on threatened side; cheaper when vol low","a profit tent that is sometimes referred to as a mouse ear","partial — Monitor can OPEN a debit spread (native), but sharing the condor's strike trips the overlapping-strikes failsafe in the same bot — hedge must sit at adjacent strikes or a different bot/account","n — trigger-opened hedge not modelable in OA backtester","THE §5b hedge shape. OA constraint discovered during research: overlapping-strike failsafe forbids the classic mouse-ear in-bot."
R48,"debit spread placed further OTM on tested side","side tested","buy debit spread beyond the short strikes for wider profit zone","price proximity; vol level","RUT","multi-DTE","Adjusting Iron Condors (OptionsTradingIQ)","https://optionstradingiq.com/adjusting-iron-condors/","practitioner-guide","anecdote","worked examples","undisclosed","unknown","Variant placing debit spread further from shorts: bigger profit zone; still negative delta — don't want rally in next 2-3 days","placing the debit spread further away from the short calls","partial — avoids the overlap failsafe (no shared strikes)","n — as R47","Second variant of the same hedge family; sidesteps the strike-overlap constraint."
R49,"tail-hedge allocation + hard risk caps","portfolio-level","allocate 5-10% to cheap tail hedges; 2% per-trade cap; 6% monthly-loss halt","portfolio drawdown, per-trade risk","generic","multi-DTE","The Option Trader's Hedge Fund (Chen & Sebastian, FT Press 2012)","https://sobrief.com/books/the-option-traders-hedge-fund","book","theory","n/a","n/a","n/a","TOMIC insurance framework: separate tail hedges sized 5-10% of book; never risk >2%/trade; stop trading after -6% month","cheap tail hedges that can return 1,200% in crashes","partial — a hedge BOOK (second bot opening far-OTM options on schedule) is native; allocation rules are bot safeguards","partial — scheduled overlay legs combine via /backtests compare presence-gate","Book-tier doctrine; the 'separate protective position' matches the signed hedge definition."
R50,"hedging-strike choice + model-based delta hedge","position deterioration","hedge via model-implied delta; pick hedging strike deliberately","option Greeks from a model","generic","multi-DTE","Positional Option Trading (Euan Sinclair, Wiley 2020)","https://www.wiley.com/en-us/Positional+Option+Trading%3A+An+Advanced+Guide-p-9781119583516","book","theory","n/a","n/a","n/a","Professional framework: hedging needs a pricing model for the delta; 'Choosing a Hedging Strike' is an explicit chapter topic","the only way to remove this exposure is to hedge","partial — options-side hedging native; model-implied delta signal needs webhook","n","Book-tier; supports the thesis that ad-hoc hedges underperform modeled ones."
R51,"OA-native hedge + early-warning + market-state tags","ITM warning %, market-trend state machine","bot opens hedge positions; early-warning close; 6-state regime via bot tags","VIX mgmt, ITM proximity, tagged market trend","SPX/XSP","multi-DTE (bot template)","OA Community template post -bpsbcs-spxxsp ('V7', Hedge:ON)","https://app.optionalpha.com/community/templates/post/-bpsbcs-spxxsp-newest","community-template","anecdote","n/a (live user template; adoption unknown)","updated 2026-07","unknown","Template ships Hedge:ON, Early Warning Close, ITM Warning 30%, 'allowing 2 hedged positions', and a 6-state market-trend regime implemented in bot-level tags","Hedge: ON … allowing 2 hedged positions","native — demonstrates OA-native hedging + tag-ladder regime machinery in the wild","n — community template, not a backtest","Existence proof that a native hedge position + tag regime-state machine runs on OA; performance undisclosed → anecdote."
R52,"SmartStop / trailing stop","profit target hit, then trail","trail the exit once PT reached","position high-water return","generic","any","OA docs — Getting Started / Exit Options (SmartStops)","https://docs.optionalpha.com/option-alpha-intro","platform-docs","theory","n/a","n/a","n/a","OA capability: SmartStops trail a position after a profit target is hit","SmartStops trail a position once a profit target is hit","native","n — fleet's known limit: OA backtester has no trailing stop","Exit family, not hedge; capability row."
R53,"monitor automation opens new position","monitor conditions met","open a fresh position from a Monitor","position state, symbol state, time","generic","any","OA docs — Automations (platform technical documentation)","https://docs.optionalpha.com/technical-documentation/platform/automations","platform-docs","theory","n/a","n/a","n/a","Scanner/Monitor labels are organizational only: 'a Monitor automation can open one' — the reactive-hedge primitive exists natively","a Monitor automation can open one","native — the platform explicitly supports it","n — backtester single-structure limit: no trigger-opened second position","The load-bearing native capability for the touch-decision hedge."
R54,"day/time/news-conditioned decisions","schedule, weekday, economic events","branch on calendar and clock","time of day, day of week, econ events","generic","any","OA docs — Decision actions","https://docs.optionalpha.com/tools/bots/decision-actions","platform-docs","theory","n/a","n/a","n/a","General decisions cover 'time of day, day of week, and economic news events' — event-day and time-window branches are native","time of day, day of week, and economic news events","native","y — entry/exit filters on these axes are modelable","Confirms R06/R08/R26/R30-class filters are expressible without webhooks."
R55,"overlapping-strikes failsafe (CONSTRAINT)","new position shares strike+expiry with existing","order rejected ('leg stomping')","strike overlap detection","generic","any","OA docs — Overlapping Strikes Failsafe","https://docs.optionalpha.com/technical-documentation/troubleshooting/overlapping-strikes-failsafe","platform-docs","theory","n/a","n/a","n/a","A new position overlapping an existing position's strike in the same bot is rejected; bots on the same account also alert","prevents bots from opening a position that overlaps another position","n/a — a constraint, not a mechanic","n/a","Load-bearing constraint for the mouse-ear hedge: the debit spread cannot reuse the condor's short strike in-bot."
R56,"bid-ask guard suppresses exits","spread wider than threshold","Exit Options disabled until spread normalizes","position bid/ask width","generic","any","OA docs — Autotrading Best Practices / Exit Options","https://docs.optionalpha.com/technical-documentation/platform/autotrading-best-practices","platform-docs","theory","n/a","n/a","n/a","If bid/ask exceeds the guard, Exit Options won't send orders — a stop can silently skip its window","automatically disable Exit Options and ignore position returns","n/a — platform behavior","n/a","Relevant to breach-day exits: fast markets = wide spreads = suppressed exits exactly when needed."
R57,"OA 'peg' research + Oracle entry-time tool","entry-time selection","pick entry windows from intraday pegging research","intraday price patterns","SPX","0DTE","Option Alpha videos — 0DTE backtesting / peg research (Peggie Bank bot)","https://optionalpha.com/videos/0dte-backtesting-my-new-fav-0dte-strategy","vendor-research","anecdote","undisclosed","undisclosed","unknown","OA claims intraday SPX 'pegging' ranges and a 10:30 vs 14:30 entry P/L difference of $15,000 in their backtester (unverified figures)","produced a $15,000 difference in P/L","native — entry-time selection is native","y — entry-time variants are the backtester's home turf","Vendor marketing-tier claims; treat as leads, not findings."
R58,"ultra-late entry (15:55/15:58 IC)","enter 2-5 min before close","sell condor into the final minutes","clock time","SPX","0DTE","Ultra-Short-Dated Option Spreads as a Fund Strategy (Pearce et al., studylib mirror)","https://studylib.net/doc/27926930/ultra-short-dated-option-spreads-as-a-fund-strategy--pearce-","working-paper","backtest","full daily entries","2013-2025","unknown","Claims ~3.3% expected return per trade entering minutes before close; dramatically reduced risk window; liquidity/fill caveats acknowledged","entered shortly before market close","native — 15:52-class Repeating entry exists in-fleet already","partial — fills at 15:55+ and settlement handling are exactly what backtesters miss","Late-entry is the mirror-image defense: be absent during the dangerous window rather than hedge it."
R59,"time-of-day performance ranking (TSE)","rolling 90-day lookback","trade only the currently strongest entry windows","entry window stats","SPX","0DTE","Alpha Crunching — Trend Spread Engine / 'What do I trade today'","https://www.alphacrunching.com/blog/the-spx-0dte-strategy-that-solves-what-do-i-trade-today","vendor-research","anecdote","undisclosed","rolling 90d","unknown","Tracks every 15-min slot's results on a rolling 90-day basis; weekly report ranks windows; direction follows 5-min trend","not all trading windows perform equally over time","partial — fixed-time entries native; rolling-lookback ranking is not (§0.1/§11 no memory)","partial — static windows modelable; adaptive ranking isn't","A walk-forward window-selection scheme; closest public thing to 'choose plan by current conditions'."
R60,"live 0DTE iron butterfly with 2x stop (honest live record)","mechanical daily + 2x credit stop","sell ATM fly same-day","fixed rules","SPX","0DTE","Zero-DTE SPX Iron Butterfly: 431% Returns and a Brutal 2025 (Options Cafe)","https://options.cafe/blog/zero-dte-spx-iron-butterfly-strategy/","self-reported","live","254","2024-01 to 2025-10","n/a (self-reported)","+431% in 2024 (168 trades, 77% WR), -$5,472 in 2025 (86 trades, 78% WR): net ~flat over two years; 2x-credit stop called 'non-negotiable' — and broke it","the size of the average loss grew faster","native — an ATM fly is a native structure","y — fly structure modelable","Sister-structure live record: same win-rate-vs-loss-asymmetry pathology as optionkrafter's IC."
R61,"re-enter after exit (backtester feature)","exit fired (SL/PT/touch)","auto re-open same criteria after optional delay","exit state + time bounds","SPX/SPY","0DTE","Option Omega docs — backtest setup ('Re-Enter Trades After Exit')","https://docs.optionomega.com/backtesting/backtest-setup","platform-docs","theory","n/a","n/a","n/a","OO supports automatic re-entry after SL/'short tested' exits with delay + time-of-day bounds — built expressly for 0DTE whipsaw recovery","automatically re-enter a trade after specified exit conditions are triggered","partial — OA Scanner can re-fire but daily position limits + no explicit 'after exit' coupling (Position-closed trigger exists, §4.1)","n — OA backtester can't model re-entry; OO can","The whipsaw-reversion answer nobody studies: exit, price reverts, re-enter. Exists as a feature; evidence absent."
R62,"IMSL intra-minute stop precision","stop level within a minute bar","fill at 1-second mid + slippage","intra-minute path","SPX/SPY","0DTE","Option Omega docs — backtesting FAQ (IMSL)","https://docs.optionomega.com/backtesting-faq","platform-docs","theory","n/a","n/a","n/a","0DTE-specific intra-minute stop modeling; standard 1-min data otherwise overstates when SL/PT is passed mid-bar","determine stop loss fills with higher precision","n/a — competitor capability; OA touch cadence is 1-min (§11)","n/a","Why touch/stop results differ between live and any 1-min backtester."
R63,"EOD iron condor (late-entry quiet-window harvest)","enter final hours only","sell condor in quiet late window","clock time","SPX","0DTE","Alpha Crunching — End-of-Day Iron Condor + EOD PDS notes","https://www.alphacrunching.com/blog","vendor-research","anecdote","undisclosed","'multiple years' claimed","unknown","Claims consistent positive expectancy trading the quieter final hours; PDS variant targets late-day volatility 3:1 R/R","consistent results across multiple years of backtesting","native — timed entry","partial — late-day fills/slippage are the weak point","Unverified vendor claim; keep as a lead."
R64,"expected-move strike placement","entry","set shorts at 1.2-1.5 SD / ~0.75x straddle","expected move / straddle price","SPY/SPX","0DTE","0DTE Iron Condor Strategy (TradeAlgo) + Zzonted + Volatility Box","https://www.tradealgo.com/trading-guides/options/0dte-iron-condor","practitioner-guide","theory","n/a","n/a","n/a","Doctrine convergence: strikes placed off expected-move multiples (1.2-1.5SD) or straddle-fraction, not fixed points","strikes at 1.2–1.5 SD based on VIX regime","partial — delta/native strike selectors exist; EM-fraction selection not native","partial","Three independent sources converge on EM-scaled strike distance."
R65,"whipsaw-aware leg-out (don't close tested in whipsaw)","both sides tested / reversal expected","avoid closing tested side in whipsaw; keep full structure","two-sided testing, expected reversal","SPY","multi-DTE","How to Adjust an Iron Condor When One Side Is Tested (theoptionpremium)","https://www.theoptionpremium.com/p/adjust-iron-condor-one-side-tested","practitioner-guide","theory","worked examples","n/a","n/a","Explicit: do NOT leg out the tested side when both sides are being tested (whipsaw) — the loss register's exact mistake","Both sides are being tested (whipsaw market)","partial — detecting 'whipsaw' needs path memory (§0.1); tag ladder is the workaround","n — whipsaw detection not modelable","Doctrine already separates 'trending test' from 'whipsaw test' — the same split our loss register shows."
R66,"dealer-hedging feedback loop day-awareness","0DTE share >50-60% of SPX volume","expect amplified intraday whipsaw on expiries","flow composition context","SPX","0DTE","A Fresh Look at Short-Dated Options and 0DTE SPX (Cboe whitepaper by M. Xu)","https://www.cboe.com/insights/posts/a-fresh-look-at-short-dated-options-and-0-dte-spx","exchange-research","backtest","full volume stats","through 2023+","n","Context anchor: 0DTE went from ~5% (2016) to >40-50% of SPX volume — the regime this fleet trades in didn't exist pre-2022","rising from 5% of SPX options volume in 2016 to over 40%","n/a — context","n/a","Framing row: all 0DTE-specific evidence post-dates the regime."
