Opened,Closed,Symbol,Exp,Type,Legs,Quantity,Status,P/L,Risk,ROR,Premium,Reward/Risk,Open Price,Open Bid Price,Open Ask Price,Close Price,Close Bid Price,Close Ask Price,Max Loss,Max Profit,Price at Open,Price at Close
"Aug 16, 2024 9:45am","Aug 16, 2024 9:52am","SPX","Aug 16, 2024","longcall","long call 5,495","1","profits","440","4105","10.72","4105","NaN","41.05","40.6","41.5","45.45","45.2","45.7","4105","","5532.23","5537.96"
"Aug 19, 2024 9:45am","Aug 19, 2024 10:09am","SPX","Aug 19, 2024","longcall","long call 5,535","1","profits","330","3150","10.48","3150","NaN","31.5","31.2","31.8","34.8","34.4","35.2","3150","","5563.63","5568.04"
"Aug 20, 2024 9:45am","Aug 20, 2024 9:56am","SPX","Aug 20, 2024","longcall","long call 5,585","1","profits","355","3075","11.54","3075","NaN","30.75","30.5","31","34.3","34","34.6","3075","","5613.06","5617.25"
"Aug 21, 2024 9:45am","Aug 21, 2024 10:01am","SPX","Aug 21, 2024","longcall","long call 5,580","1","profits","405","3625","11.17","3625","NaN","36.25","36","36.5","40.3","39.8","40.8","3625","","5612.31","5617.82"
"Aug 22, 2024 9:45am","Aug 22, 2024 4:00pm","SPX","Aug 22, 2024","longcall","long call 5,605","1","expired","-3695","3695","-100","3695","NaN","36.95","36.4","37.5","0","","","3695","","5638.42","5570.64"
"Aug 26, 2024 9:45am","Aug 26, 2024 4:00pm","SPX","Aug 26, 2024","longcall","long call 5,620","1","expired","-2855","2855","-100","2855","NaN","28.55","28.1","29","0","","","2855","","5645.03","5616.84"
"Aug 27, 2024 9:45am","Aug 27, 2024 9:51am","SPX","Aug 27, 2024","longcall","long call 5,565","1","profits","570","3770","15.12","3770","NaN","37.7","37.4","38","43.4","42.7","44.1","3770","","5599.11","5605.5"
"Aug 28, 2024 9:45am","Aug 28, 2024 4:00pm","SPX","Aug 28, 2024","longcall","long call 5,590","1","expired","-3042","3260","-93.31","3260","NaN","32.6","32.4","32.8","2.18","","","3260","","5619.61","5592.18"
"Aug 29, 2024 9:45am","Aug 29, 2024 9:50am","SPX","Aug 29, 2024","longcall","long call 5,570","1","profits","710","4180","16.99","4180","NaN","41.8","41.5","42.1","48.9","48.6","49.2","4180","","5608.04","5617.45"
"Aug 30, 2024 9:45am","Aug 30, 2024 10:03am","SPX","Aug 30, 2024","longcall","long call 5,595","1","profits","385","3495","11.02","3495","NaN","34.95","34.5","35.4","38.8","38.5","39.1","3495","","5626.58","5631.06"
"Sep 4, 2024 9:45am","Sep 4, 2024 9:49am","SPX","Sep 4, 2024","longcall","long call 5,480","1","profits","550","4870","11.29","4870","NaN","48.7","48","49.4","54.2","53.9","54.5","4870","","5524.09","5529.41"
"Sep 5, 2024 9:45am","Sep 5, 2024 10:01am","SPX","Sep 5, 2024","longcall","long call 5,480","1","profits","900","4915","18.31","4915","NaN","49.15","48.8","49.5","58.15","57.5","58.8","4915","","5524.68","5536.64"
"Sep 10, 2024 9:45am","Sep 10, 2024 4:00pm","SPX","Sep 10, 2024","longcall","long call 5,450","1","expired","27","4525","0.6","4525","NaN","45.25","44.9","45.6","45.52","","","4525","","5491.44","5495.52"
"Sep 11, 2024 9:45am","Sep 11, 2024 12:40pm","SPX","Sep 11, 2024","longcall","long call 5,425","1","profits","645","4935","13.07","4935","NaN","49.35","49","49.7","55.8","55.4","56.2","4935","","5469.72","5479.75"
"Sep 12, 2024 9:45am","Sep 12, 2024 10:15am","SPX","Sep 12, 2024","longcall","long call 5,515","1","profits","495","4545","10.89","4545","NaN","45.45","45","45.9","50.4","50.2","50.6","4545","","5555.57","5561.85"
"Sep 13, 2024 9:45am","Sep 13, 2024 10:13am","SPX","Sep 13, 2024","longcall","long call 5,575","1","profits","620","4415","14.04","4415","NaN","44.15","44","44.3","50.35","49.9","50.8","4415","","5614.63","5622.56"
"Sep 16, 2024 9:45am","Sep 16, 2024 9:50am","SPX","Sep 16, 2024","longcall","long call 5,580","1","profits","640","3980","16.08","3980","NaN","39.8","39.6","40","46.2","45.9","46.5","3980","","5615.32","5622.65"
"Sep 17, 2024 9:45am","Sep 17, 2024 10:09am","SPX","Sep 17, 2024","longcall","long call 5,615","1","profits","565","4555","12.4","4555","NaN","45.55","45.3","45.8","51.2","50.9","51.5","4555","","5656.61","5664.24"
"Sep 19, 2024 9:45am","Sep 19, 2024 10:01am","SPX","Sep 19, 2024","longcall","long call 5,655","1","profits","515","4695","10.97","4695","NaN","46.95","46.6","47.3","52.1","51.3","52.9","4695","","5697.83","5702.88"
"Sep 20, 2024 9:45am","Sep 20, 2024 3:43pm","SPX","Sep 20, 2024","longcall","long call 5,665","1","profits","795","4100","19.39","4100","NaN","41","40.8","41.2","48.95","48.3","49.6","4100","","5701.46","5713.49"
"Sep 23, 2024 9:45am","Sep 23, 2024 10:09am","SPX","Sep 23, 2024","longcall","long call 5,680","1","profits","420","3585","11.72","3585","NaN","35.85","35.2","36.5","40.05","39.8","40.3","3585","","5712.39","5718.38"
"Sep 24, 2024 9:45am","Sep 24, 2024 11:53am","SPX","Sep 24, 2024","longcall","long call 5,695","1","profits","405","2920","13.87","2920","NaN","29.2","28.9","29.5","33.25","32.9","33.6","2920","","5721.31","5727.79"
"Sep 25, 2024 9:45am","Sep 25, 2024 10:03am","SPX","Sep 25, 2024","longcall","long call 5,710","1","profits","370","2770","13.36","2770","NaN","27.7","25.4","30","31.4","31.1","31.7","2770","","5735.74","5739.2"
"Sep 26, 2024 9:45am","Sep 26, 2024 4:00pm","SPX","Sep 26, 2024","longcall","long call 5,735","1","expired","-1673","2710","-61.73","2710","NaN","27.1","26.7","27.5","10.37","","","2710","","5758.3","5745.37"
"Sep 27, 2024 9:45am","Sep 27, 2024 10:01am","SPX","Sep 27, 2024","longcall","long call 5,720","1","profits","385","3380","11.39","3380","NaN","33.8","33.5","34.1","37.65","37.3","38","3380","","5750.82","5754.71"
"Sep 30, 2024 9:45am","Sep 30, 2024 11:05am","SPX","Sep 30, 2024","longcall","long call 5,700","1","profits","410","3590","11.42","3590","NaN","35.9","35.7","36.1","40","39.8","40.2","3590","","5731.57","5737.89"
"Oct 1, 2024 9:45am","Oct 1, 2024 4:00pm","SPX","Oct 1, 2024","longcall","long call 5,680","1","expired","-2055","4930","-41.68","4930","NaN","49.3","49","49.6","28.75","","","4930","","5724.28","5708.75"
"Oct 2, 2024 9:45am","Oct 2, 2024 9:47am","SPX","Oct 2, 2024","longcall","long call 5,635","1","profits","550","4400","12.5","4400","NaN","44","43.6","44.4","49.5","49.2","49.8","4400","","5674.11","5680.81"
"Oct 3, 2024 9:45am","Oct 3, 2024 9:58am","SPX","Oct 3, 2024","longcall","long call 5,655","1","profits","480","4360","11.01","4360","NaN","43.6","43.3","43.9","48.4","48.1","48.7","4360","","5693.87","5700.48"
"Oct 4, 2024 9:45am","Oct 4, 2024 3:56pm","SPX","Oct 4, 2024","longcall","long call 5,695","1","profits","560","4890","11.45","4890","NaN","48.9","48.5","49.3","54.5","53.5","55.5","4890","","5739.22","5749.1"
"Oct 7, 2024 9:45am","Oct 7, 2024 10:06am","SPX","Oct 7, 2024","longcall","long call 5,700","1","profits","360","3470","10.37","3470","NaN","34.7","34.4","35","38.3","38","38.6","3470","","5730.98","5736.47"
"Oct 8, 2024 9:45am","Oct 8, 2024 9:56am","SPX","Oct 8, 2024","longcall","long call 5,680","1","profits","555","4245","13.07","4245","NaN","42.45","42.2","42.7","48","47.7","48.3","4245","","5718.85","5725.26"
"Oct 9, 2024 9:45am","Oct 9, 2024 9:48am","SPX","Oct 9, 2024","longcall","long call 5,725","1","profits","310","3060","10.13","3060","NaN","30.6","30.4","30.8","33.7","33.5","33.9","3060","","5751.87","5755.35"
"Oct 10, 2024 9:45am","Oct 10, 2024 9:56am","SPX","Oct 10, 2024","longcall","long call 5,745","1","profits","430","3240","13.27","3240","NaN","32.4","32.2","32.6","36.7","36.5","36.9","3240","","5773.72","5779.26"
"Oct 11, 2024 9:45am","Oct 11, 2024 9:52am","SPX","Oct 11, 2024","longcall","long call 5,760","1","profits","320","3100","10.32","3100","NaN","31","30.8","31.2","34.2","33.9","34.5","3100","","5787.87","5791.91"
"Oct 14, 2024 9:45am","Oct 14, 2024 9:47am","SPX","Oct 14, 2024","longcall","long call 5,820","2","profits","560","4750","11.79","4750","NaN","23.75","23.5","24","26.55","26.2","26.9","2375","","5840.96","5844.01"
"Oct 15, 2024 9:45am","Oct 15, 2024 9:56am","SPX","Oct 15, 2024","longcall","long call 5,835","1","profits","330","3065","10.77","3065","NaN","30.65","30.4","30.9","33.95","33.7","34.2","3065","","5862.04","5867.46"
"Oct 16, 2024 9:45am","Oct 16, 2024 10:04am","SPX","Oct 16, 2024","longcall","long call 5,780","1","profits","415","3265","12.71","3265","NaN","32.65","32.4","32.9","36.8","36.5","37.1","3265","","5809.79","5814.9"
"Oct 17, 2024 9:45am","Oct 17, 2024 4:00pm","SPX","Oct 17, 2024","longcall","long call 5,835","1","expired","-2408","3055","-78.82","3055","NaN","30.55","30.2","30.9","6.47","","","3055","","5862.71","5841.47"
"Oct 18, 2024 9:45am","Oct 18, 2024 11:32am","SPX","Oct 18, 2024","longcall","long call 5,830","1","profits","310","3000","10.33","3000","NaN","30","29.7","30.3","33.1","32.7","33.5","3000","","5857.62","5862.52"
"Oct 21, 2024 9:45am","Oct 21, 2024 9:54am","SPX","Oct 21, 2024","longcall","long call 5,835","1","profits","275","2650","10.38","2650","NaN","26.5","26.3","26.7","29.25","29","29.5","2650","","5858.96","5863.27"
"Oct 22, 2024 9:45am","Oct 22, 2024 9:55am","SPX","Oct 22, 2024","longcall","long call 5,800","1","profits","320","3080","10.39","3080","NaN","30.8","30.6","31","34","33.8","34.2","3080","","5827.81","5831.82"
"Oct 23, 2024 9:45am","Oct 23, 2024 9:47am","SPX","Oct 23, 2024","longcall","long call 5,805","1","profits","280","2800","10","2800","NaN","28","27.8","28.2","30.8","30.6","31","2800","","5830.13","5833.32"
"Oct 24, 2024 9:45am","Oct 24, 2024 10:03am","SPX","Oct 24, 2024","longcall","long call 5,780","1","profits","525","3300","15.91","3300","NaN","33","32.6","33.4","38.25","37.9","38.6","3300","","5808.92","5816.03"
"Oct 25, 2024 9:45am","Oct 25, 2024 9:47am","SPX","Oct 25, 2024","longcall","long call 5,820","1","profits","440","2745","16.03","2745","NaN","27.45","27.3","27.6","31.85","31.5","32.2","2745","","5844.45","5849.7"
"Oct 28, 2024 9:45am","Oct 28, 2024 10:27am","SPX","Oct 28, 2024","longcall","long call 5,805","1","profits","530","3330","15.92","3330","NaN","33.3","33.1","33.5","38.6","38.3","38.9","3330","","5834.52","5841.15"
"Oct 29, 2024 9:45am","Oct 29, 2024 9:55am","SPX","Oct 29, 2024","longcall","long call 5,780","1","profits","345","3440","10.03","3440","NaN","34.4","34.1","34.7","37.85","37.6","38.1","3440","","5811.26","5815.48"
"Oct 30, 2024 9:45am","Oct 30, 2024 9:47am","SPX","Oct 30, 2024","longcall","long call 5,780","1","profits","495","3920","12.63","3920","NaN","39.2","38.9","39.5","44.15","43.9","44.4","3920","","5815.69","5820.71"
"Oct 31, 2024 9:45am","Oct 31, 2024 4:00pm","SPX","Oct 31, 2024","longcall","long call 5,735","1","expired","-3665","3665","-100","3665","NaN","36.65","35.8","37.5","0","","","3665","","5767.54","5705.45"
"Nov 1, 2024 9:45am","Nov 1, 2024 10:08am","SPX","Nov 1, 2024","longcall","long call 5,710","1","profits","785","3940","19.92","3940","NaN","39.4","39","39.8","47.25","47","47.5","3940","","5745.72","5755.82"
"Nov 4, 2024 9:45am","Nov 4, 2024 10:02am","SPX","Nov 4, 2024","longcall","long call 5,685","1","profits","475","4580","10.37","4580","NaN","45.8","45.6","46","50.55","49.8","51.3","4580","","5726.5","5732.05"
"Nov 5, 2024 9:45am","Nov 5, 2024 9:52am","SPX","Nov 5, 2024","longcall","long call 5,695","1","profits","565","4770","11.84","4770","NaN","47.7","47.4","48","53.35","53.1","53.6","4770","","5738.17","5745.6"
"Nov 7, 2024 9:45am","Nov 7, 2024 9:53am","SPX","Nov 7, 2024","longcall","long call 5,915","1","profits","495","4010","12.34","4010","NaN","40.1","39.9","40.3","45.05","44.8","45.3","4010","","5950.46","5956.31"
"Nov 8, 2024 9:45am","Nov 8, 2024 9:48am","SPX","Nov 8, 2024","longcall","long call 5,950","1","profits","405","3355","12.07","3355","NaN","33.55","33.3","33.8","37.6","36.9","38.3","3355","","5980.05","5984.76"
"Nov 11, 2024 9:45am","Nov 11, 2024 4:00pm","SPX","Nov 11, 2024","longcall","long call 5,980","1","expired","-1160","3295","-35.2","3295","NaN","32.95","32.6","33.3","21.35","","","3295","","6009.25","6001.35"
"Nov 12, 2024 9:45am","Nov 12, 2024 4:00pm","SPX","Nov 12, 2024","longcall","long call 5,985","1","expired","-2510","2510","-100","2510","NaN","25.1","24.9","25.3","0","","","2510","","6007.37","5983.99"
"Nov 13, 2024 9:45am","Nov 13, 2024 12:07pm","SPX","Nov 13, 2024","longcall","long call 5,965","1","profits","405","3090","13.11","3090","NaN","30.9","30.7","31.1","34.95","34.6","35.3","3090","","5993.22","5998.5"
"Nov 14, 2024 9:45am","Nov 14, 2024 9:50am","SPX","Nov 14, 2024","longcall","long call 5,945","1","profits","455","3315","13.73","3315","NaN","33.15","32.9","33.4","37.7","37.4","38","3315","","5974.49","5979.02"
"Nov 15, 2024 9:45am","Nov 15, 2024 9:50am","SPX","Nov 15, 2024","longcall","long call 5,870","1","profits","615","4005","15.36","4005","NaN","40.05","39.8","40.3","46.2","45.9","46.5","4005","","5905.65","5913.65"
"Nov 18, 2024 9:45am","Nov 18, 2024 10:05am","SPX","Nov 18, 2024","longcall","long call 5,845","1","profits","480","3300","14.55","3300","NaN","33","32.8","33.2","37.8","37.5","38.1","3300","","5873.98","5880.25"
"Nov 19, 2024 9:45am","Nov 19, 2024 10:30am","SPX","Nov 19, 2024","longcall","long call 5,840","1","profits","495","3500","14.14","3500","NaN","35","34.8","35.2","39.95","39.6","40.3","3500","","5870.93","5877.43"
"Nov 20, 2024 9:45am","Nov 20, 2024 3:32pm","SPX","Nov 20, 2024","longcall","long call 5,860","1","profits","410","3970","10.33","3970","NaN","39.7","38.8","40.6","43.8","43.2","44.4","3970","","5896.49","5903.45"
"Nov 22, 2024 9:45am","Nov 22, 2024 4:00pm","SPX","Nov 22, 2024","longcall","long call 5,930","1","expired","-251","4185","-6","4185","NaN","41.85","41.6","42.1","39.34","","","4185","","5967.32","5969.34"
"Nov 25, 2024 9:45am","Nov 25, 2024 4:00pm","SPX","Nov 25, 2024","longcall","long call 5,995","1","expired","-2550","2550","-100","2550","NaN","25.5","25.3","25.7","0","","","2550","","6017.77","5987.37"
"Nov 26, 2024 9:45am","Nov 26, 2024 9:50am","SPX","Nov 26, 2024","longcall","long call 5,970","1","profits","445","3270","13.61","3270","NaN","32.7","32.5","32.9","37.15","36.9","37.4","3270","","5999.75","6004.87"
"Nov 27, 2024 9:45am","Nov 27, 2024 4:00pm","SPX","Nov 27, 2024","longcall","long call 5,990","1","expired","-2116","2990","-70.77","2990","NaN","29.9","29.7","30.1","8.74","","","2990","","6016.98","5998.74"
"Dec 2, 2024 9:45am","Dec 2, 2024 10:33am","SPX","Dec 2, 2024","longcall","long call 6,020","2","profits","590","4540","13","4540","NaN","22.7","21.2","24.2","25.65","25.4","25.9","2270","","6039.56","6044.61"
"Dec 3, 2024 9:45am","Dec 3, 2024 9:47am","SPX","Dec 3, 2024","longcall","long call 6,015","1","profits","275","2700","10.19","2700","NaN","27","26.8","27.2","29.75","29.6","29.9","2700","","6039.27","6042.4"
"Dec 4, 2024 9:45am","Dec 4, 2024 9:51am","SPX","Dec 4, 2024","longcall","long call 6,045","2","profits","510","4970","10.26","4970","NaN","24.85","24.6","25.1","27.4","27.2","27.6","2485","","6067.34","6070.3"
"Dec 5, 2024 9:45am","Dec 5, 2024 10:02am","SPX","Dec 5, 2024","longcall","long call 6,070","2","profits","620","3790","16.36","3790","NaN","18.95","18.8","19.1","22.05","21.8","22.3","1895","","6086.62","6090.82"
"Dec 6, 2024 9:45am","Dec 6, 2024 9:48am","SPX","Dec 6, 2024","longcall","long call 6,070","2","profits","1050","4850","21.65","4850","NaN","24.25","24.1","24.4","29.5","29.3","29.7","2425","","6091.78","6097.39"
"Dec 9, 2024 9:45am","Dec 9, 2024 4:00pm","SPX","Dec 9, 2024","longcall","long call 6,065","2","expired","-3770","3770","-100","3770","NaN","18.85","18.7","19","0","","","1885","","6081.58","6052.85"
"Dec 10, 2024 9:45am","Dec 10, 2024 9:47am","SPX","Dec 10, 2024","longcall","long call 6,040","2","profits","450","3980","11.31","3980","NaN","19.9","19.7","20.1","22.15","22","22.3","1990","","6057.75","6060.45"
"Dec 11, 2024 9:45am","Dec 11, 2024 9:46am","SPX","Dec 11, 2024","longcall","long call 6,050","2","profits","460","4260","10.8","4260","NaN","21.3","21.1","21.5","23.6","23.4","23.8","2130","","6069.64","6072.29"
"Dec 12, 2024 9:45am","Dec 12, 2024 10:33am","SPX","Dec 12, 2024","longcall","long call 6,055","2","profits","590","3930","15.01","3930","NaN","19.65","19.5","19.8","22.6","22.4","22.8","1965","","6072.68","6075.83"
"Dec 13, 2024 9:45am","Dec 13, 2024 9:47am","SPX","Dec 13, 2024","longcall","long call 6,060","2","profits","390","3740","10.43","3740","NaN","18.7","18.6","18.8","20.65","20.5","20.8","1870","","6076.08","6077.76"
"Dec 16, 2024 9:45am","Dec 16, 2024 9:51am","SPX","Dec 16, 2024","longcall","long call 6,045","2","profits","610","4280","14.25","4280","NaN","21.4","21","21.8","24.45","24.3","24.6","2140","","6063.79","6067.57"
"Dec 17, 2024 9:45am","Dec 17, 2024 9:57am","SPX","Dec 17, 2024","longcall","long call 6,030","2","profits","490","4870","10.06","4870","NaN","24.35","24.2","24.5","26.8","26.6","27","2435","","6052.01","6054.37"
"Dec 18, 2024 9:45am","Dec 18, 2024 9:54am","SPX","Dec 18, 2024","longcall","long call 6,015","1","profits","360","3585","10.04","3585","NaN","35.85","35.7","36","39.45","39.3","39.6","3585","","6046.18","6050.35"
"Dec 23, 2024 9:45am","Dec 23, 2024 11:42am","SPX","Dec 23, 2024","longcall","long call 5,895","1","profits","415","4140","10.02","4140","NaN","41.4","41.2","41.6","45.55","45.3","45.8","4140","","5932.22","5938.65"
"Dec 26, 2024 9:45am","Dec 26, 2024 10:31am","SPX","Dec 26, 2024","longcall","long call 5,995","1","profits","335","3220","10.4","3220","NaN","32.2","32","32.4","35.55","35.3","35.8","3220","","6024.87","6029.29"
"Dec 27, 2024 9:45am","Dec 27, 2024 9:48am","SPX","Dec 27, 2024","longcall","long call 5,950","1","profits","820","4320","18.98","4320","NaN","43.2","43","43.4","51.4","51.1","51.7","4320","","5988.93","5998.85"
"Jan 2, 2025 9:45am","Jan 2, 2025 9:48am","SPX","Jan 2, 2025","longcall","long call 5,850","1","profits","570","4970","11.47","4970","NaN","49.7","48.4","51","55.4","55.2","55.6","4970","","5895.5","5901.63"
"Jan 3, 2025 9:45am","Jan 3, 2025 11:33am","SPX","Jan 3, 2025","longcall","long call 5,875","1","profits","505","4620","10.93","4620","NaN","46.2","46","46.4","51.25","50.9","51.6","4620","","5916.26","5924.25"
"Jan 6, 2025 9:45am","Jan 6, 2025 9:46am","SPX","Jan 6, 2025","longcall","long call 5,965","1","profits","415","3445","12.05","3445","NaN","34.45","34","34.9","38.6","38.3","38.9","3445","","5996.4","6001.18"
"Jan 7, 2025 9:45am","Jan 7, 2025 4:00pm","SPX","Jan 7, 2025","longcall","long call 5,960","1","expired","-3635","3635","-100","3635","NaN","36.35","36.2","36.5","0","","","3635","","5993.3","5909.03"
"Jan 14, 2025 9:45am","Jan 14, 2025 4:00pm","SPX","Jan 14, 2025","longcall","long call 5,830","1","expired","-3174","4465","-71.09","4465","NaN","44.65","44.4","44.9","12.91","","","4465","","5869.68","5842.91"
"Jan 16, 2025 9:45am","Jan 16, 2025 11:08am","SPX","Jan 16, 2025","longcall","long call 5,915","1","profits","525","4225","12.43","4225","NaN","42.25","42","42.5","47.5","47.3","47.7","4225","","5953.08","5961.52"
"Jan 17, 2025 9:45am","Jan 17, 2025 9:46am","SPX","Jan 17, 2025","longcall","long call 5,945","1","profits","470","4145","11.34","4145","NaN","41.45","41.2","41.7","46.15","45.9","46.4","4145","","5982.2","5987.75"
"Jan 21, 2025 9:45am","Jan 21, 2025 9:48am","SPX","Jan 21, 2025","longcall","long call 5,985","1","profits","765","4185","18.28","4185","NaN","41.85","41.6","42.1","49.5","49.3","49.7","4185","","6022.09","6033.24"
"Jan 22, 2025 9:45am","Jan 22, 2025 9:55am","SPX","Jan 22, 2025","longcall","long call 6,055","1","profits","445","2725","16.33","2725","NaN","27.25","27.1","27.4","31.7","31.5","31.9","2725","","6079.43","6085.35"
"Jan 23, 2025 9:45am","Jan 23, 2025 10:46am","SPX","Jan 23, 2025","longcall","long call 6,060","1","profits","280","2620","10.69","2620","NaN","26.2","26","26.4","29","28.8","29.2","2620","","6083.14","6088.25"
"Jan 24, 2025 9:45am","Jan 24, 2025 4:00pm","SPX","Jan 24, 2025","longcall","long call 6,095","1","expired","-2451","3075","-79.71","3075","NaN","30.75","30.5","31","6.24","","","3075","","6123.12","6101.24"
"Jan 28, 2025 9:45am","Jan 28, 2025 10:01am","SPX","Jan 28, 2025","longcall","long call 5,960","1","profits","625","4875","12.82","4875","NaN","48.75","48.5","49","55","54.8","55.2","4875","","6004.39","6013.34"
"Jan 29, 2025 9:45am","Jan 29, 2025 9:53am","SPX","Jan 29, 2025","longcall","long call 6,005","1","profits","520","4720","11.02","4720","NaN","47.2","46.9","47.5","52.4","52.2","52.6","4720","","6047.9","6054.52"
"Jan 30, 2025 9:45am","Jan 30, 2025 9:48am","SPX","Jan 30, 2025","longcall","long call 6,030","1","profits","570","3840","14.84","3840","NaN","38.4","38.2","38.6","44.1","43.9","44.3","3840","","6064.92","6071.73"
"Jan 31, 2025 9:45am","Jan 31, 2025 10:02am","SPX","Jan 31, 2025","longcall","long call 6,060","1","profits","555","4150","13.37","4150","NaN","41.5","41.3","41.7","47.05","46.8","47.3","4150","","6098.48","6104.49"
"Feb 4, 2025 9:45am","Feb 4, 2025 9:55am","SPX","Feb 4, 2025","longcall","long call 5,960","1","profits","555","4665","11.9","4665","NaN","46.65","46.5","46.8","52.2","52","52.4","4665","","6001.5","6008.89"
"Feb 5, 2025 9:45am","Feb 5, 2025 11:39am","SPX","Feb 5, 2025","longcall","long call 5,995","1","profits","410","3800","10.79","3800","NaN","38","37.6","38.4","42.1","41.8","42.4","3800","","6028.84","6036.07"
"Feb 6, 2025 9:45am","Feb 6, 2025 3:56pm","SPX","Feb 6, 2025","longcall","long call 6,045","1","profits","420","3415","12.3","3415","NaN","34.15","34","34.3","38.35","37.9","38.8","3415","","6075.96","6082.7"
"Feb 7, 2025 9:45am","Feb 7, 2025 9:54am","SPX","Feb 7, 2025","longcall","long call 6,060","1","profits","475","3825","12.42","3825","NaN","38.25","37.9","38.6","43","42.7","43.3","3825","","6094.25","6101.28"
"Feb 10, 2025 9:45am","Feb 10, 2025 10:02am","SPX","Feb 10, 2025","longcall","long call 6,015","1","profits","565","3860","14.64","3860","NaN","38.6","38.4","38.8","44.25","44","44.5","3860","","6049.32","6057.61"
"Feb 11, 2025 9:45am","Feb 11, 2025 10:30am","SPX","Feb 11, 2025","longcall","long call 6,020","1","profits","475","3685","12.89","3685","NaN","36.85","36.7","37","41.6","41.4","41.8","3685","","6053.16","6059.84"
"Feb 12, 2025 9:45am","Feb 12, 2025 9:50am","SPX","Feb 12, 2025","longcall","long call 5,990","1","profits","455","3855","11.8","3855","NaN","38.55","38.4","38.7","43.1","42.9","43.3","3855","","6024.35","6029.59"
"Feb 13, 2025 9:45am","Feb 13, 2025 10:01am","SPX","Feb 13, 2025","longcall","long call 6,030","1","profits","375","3690","10.16","3690","NaN","36.9","36.8","37","40.65","40.5","40.8","3690","","6063.3","6068.54"
"Feb 14, 2025 9:45am","Feb 14, 2025 10:10am","SPX","Feb 14, 2025","longcall","long call 6,090","1","profits","380","3430","11.08","3430","NaN","34.3","34.1","34.5","38.1","37.9","38.3","3430","","6120.82","6126.48"
"Feb 18, 2025 9:45am","Feb 18, 2025 3:59pm","SPX","Feb 18, 2025","longcall","long call 6,090","1","profits","505","3105","16.26","3105","NaN","31.05","30.9","31.2","36.1","35.3","36.9","3105","","6117.11","6126.58"
"Feb 19, 2025 9:45am","Feb 19, 2025 10:32am","SPX","Feb 19, 2025","longcall","long call 6,085","1","profits","345","3320","10.39","3320","NaN","33.2","33","33.4","36.65","36.3","37","3320","","6115.33","6121.55"
"Feb 20, 2025 9:45am","Feb 20, 2025 4:00pm","SPX","Feb 20, 2025","longcall","long call 6,095","1","expired","-653","2905","-22.48","2905","NaN","29.05","28.8","29.3","22.52","","","2905","","6120.57","6117.52"
"Feb 21, 2025 9:45am","Feb 21, 2025 4:00pm","SPX","Feb 21, 2025","longcall","long call 6,070","1","expired","-4015","4015","-100","4015","NaN","40.15","39","41.3","0","","","4015","","6106.22","6013.13"
"Feb 24, 2025 9:45am","Feb 24, 2025 4:00pm","SPX","Feb 24, 2025","longcall","long call 5,980","1","expired","-4520","4845","-93.29","4845","NaN","48.45","48.2","48.7","3.25","","","4845","","6023.71","5983.25"
"Feb 26, 2025 9:45am","Feb 26, 2025 9:49am","SPX","Feb 26, 2025","longcall","long call 5,930","1","profits","660","4725","13.97","4725","NaN","47.25","47","47.5","53.85","53.6","54.1","4725","","5972.75","5981.6"
"Mar 24, 2025 9:45am","Mar 24, 2025 9:47am","SPX","Mar 24, 2025","longcall","long call 5,715","1","profits","410","3270","12.54","3270","NaN","32.7","29.4","36","36.8","36.6","37","3270","","5743.59","5747.92"
"Mar 25, 2025 9:45am","Mar 25, 2025 10:22am","SPX","Mar 25, 2025","longcall","long call 5,735","1","profits","490","3935","12.45","3935","NaN","39.35","39.1","39.6","44.25","44","44.5","3935","","5770.92","5778.26"
"Mar 26, 2025 9:45am","Mar 26, 2025 4:00pm","SPX","Mar 26, 2025","longcall","long call 5,745","1","expired","-3875","3875","-100","3875","NaN","38.75","38.3","39.2","0","","","3875","","5779.12","5712.2"
"Mar 28, 2025 9:45am","Mar 28, 2025 4:00pm","SPX","Mar 28, 2025","longcall","long call 5,630","1","expired","-4920","4920","-100","4920","NaN","49.2","49","49.4","0","","","4920","","5673.05","5580.94"
"Apr 28, 2025 9:45am","Apr 28, 2025 4:00pm","SPX","Apr 28, 2025","longcall","long call 5,505","1","expired","-2620","4995","-52.45","4995","NaN","49.95","49.7","50.2","23.75","","","4995","","5549.85","5528.75"
"May 6, 2025 9:45am","May 6, 2025 10:20am","SPX","May 6, 2025","longcall","long call 5,570","1","profits","465","4455","10.44","4455","NaN","44.55","44.3","44.8","49.2","49","49.4","4455","","5609.41","5616.46"
"May 9, 2025 9:45am","May 9, 2025 9:59am","SPX","May 9, 2025","longcall","long call 5,640","1","profits","630","4355","14.47","4355","NaN","43.55","43.3","43.8","49.85","49.6","50.1","4355","","5679.19","5686.86"
"May 13, 2025 9:45am","May 13, 2025 9:57am","SPX","May 13, 2025","longcall","long call 5,825","1","profits","655","3935","16.65","3935","NaN","39.35","39.1","39.6","45.9","45.7","46.1","3935","","5860.01","5868.86"
"May 14, 2025 9:45am","May 14, 2025 4:00pm","SPX","May 14, 2025","longcall","long call 5,860","1","expired","-637","3895","-16.35","3895","NaN","38.95","38.7","39.2","32.58","","","3895","","5894.1","5892.58"
"May 15, 2025 9:45am","May 15, 2025 10:02am","SPX","May 15, 2025","longcall","long call 5,835","1","profits","630","4515","13.95","4515","NaN","45.15","44.8","45.5","51.45","51.2","51.7","4515","","5876.57","5885.11"
"May 16, 2025 9:45am","May 16, 2025 9:51am","SPX","May 16, 2025","longcall","long call 5,885","1","profits","405","3705","10.93","3705","NaN","37.05","36.8","37.3","41.1","40.9","41.3","3705","","5917.92","5923.27"
"May 19, 2025 9:45am","May 19, 2025 9:49am","SPX","May 19, 2025","longcall","long call 5,880","1","profits","605","4265","14.19","4265","NaN","42.65","42.4","42.9","48.7","48.4","49","4265","","5918.44","5925.65"
"May 20, 2025 9:45am","May 20, 2025 10:40am","SPX","May 20, 2025","longcall","long call 5,910","1","profits","485","3715","13.06","3715","NaN","37.15","36.9","37.4","42","41.8","42.2","3715","","5942.83","5950.14"
"May 21, 2025 9:45am","May 21, 2025 9:52am","SPX","May 21, 2025","longcall","long call 5,875","1","profits","425","4000","10.63","4000","NaN","40","39.8","40.2","44.25","44","44.5","4000","","5910.88","5916.3"
"May 27, 2025 9:45am","May 27, 2025 9:56am","SPX","May 27, 2025","longcall","long call 5,830","1","profits","475","4185","11.35","4185","NaN","41.85","41.6","42.1","46.6","46.4","46.8","4185","","5867.95","5874.39"
"May 28, 2025 9:45am","May 28, 2025 4:00pm","SPX","May 28, 2025","longcall","long call 5,910","1","expired","-3065","3065","-100","3065","NaN","30.65","30.5","30.8","0","","","3065","","5936.86","5888.55"
"May 29, 2025 9:45am","May 29, 2025 9:55am","SPX","May 29, 2025","longcall","long call 5,880","1","profits","620","4785","12.96","4785","NaN","47.85","47.6","48.1","54.05","53.7","54.4","4785","","5922.73","5929.42"
"May 30, 2025 9:45am","May 30, 2025 10:06am","SPX","May 30, 2025","longcall","long call 5,845","1","profits","650","4860","13.37","4860","NaN","48.6","48.2","49","55.1","54.7","55.5","4860","","5888.49","5897.72"
"Jun 2, 2025 9:45am","Jun 2, 2025 12:55pm","SPX","Jun 2, 2025","longcall","long call 5,860","1","profits","680","4675","14.55","4675","NaN","46.75","44.8","48.7","53.55","52.9","54.2","4675","","5902.48","5911.78"
"Jun 3, 2025 9:45am","Jun 3, 2025 10:29am","SPX","Jun 3, 2025","longcall","long call 5,905","1","profits","475","3955","12.01","3955","NaN","39.55","39.3","39.8","44.3","44","44.6","3955","","5939.97","5947.23"
"Jun 4, 2025 9:45am","Jun 4, 2025 4:00pm","SPX","Jun 4, 2025","longcall","long call 5,955","1","expired","-1789","3370","-53.09","3370","NaN","33.7","32.7","34.7","15.81","","","3370","","5984.81","5970.81"
"Jun 5, 2025 9:45am","Jun 5, 2025 10:42am","SPX","Jun 5, 2025","longcall","long call 5,925","1","profits","700","4810","14.55","4810","NaN","48.1","47.8","48.4","55.1","54.8","55.4","4810","","5968.51","5978.53"
"Jun 6, 2025 9:45am","Jun 6, 2025 4:00pm","SPX","Jun 6, 2025","longcall","long call 5,975","1","expired","-1714","4250","-40.33","4250","NaN","42.5","42.2","42.8","25.36","","","4250","","6012.96","6000.36"
"Jun 9, 2025 9:45am","Jun 9, 2025 10:18am","SPX","Jun 9, 2025","longcall","long call 5,970","1","profits","360","3430","10.5","3430","NaN","34.3","34.1","34.5","37.9","37.7","38.1","3430","","6001.39","6006.39"
"Jun 10, 2025 9:45am","Jun 10, 2025 9:53am","SPX","Jun 10, 2025","longcall","long call 5,980","1","profits","460","3670","12.53","3670","NaN","36.7","36.5","36.9","41.3","41.1","41.5","3670","","6013.36","6020.02"
"Jun 11, 2025 9:45am","Jun 11, 2025 9:54am","SPX","Jun 11, 2025","longcall","long call 6,010","1","profits","460","3490","13.18","3490","NaN","34.9","34.7","35.1","39.5","39.3","39.7","3490","","6041.47","6046.82"
"Jun 12, 2025 9:45am","Jun 12, 2025 9:53am","SPX","Jun 12, 2025","longcall","long call 5,985","1","profits","355","3520","10.09","3520","NaN","35.2","35","35.4","38.75","38.5","39","3520","","6016.47","6019.81"
"Jun 13, 2025 9:45am","Jun 13, 2025 11:30am","SPX","Jun 13, 2025","longcall","long call 5,965","1","profits","545","4495","12.12","4495","NaN","44.95","44.7","45.2","50.4","50.1","50.7","4495","","6005.17","6013.6"
"Jun 16, 2025 9:45am","Jun 16, 2025 9:50am","SPX","Jun 16, 2025","longcall","long call 5,985","1","profits","690","3855","17.9","3855","NaN","38.55","38.3","38.8","45.45","45.2","45.7","3855","","6020.37","6028.72"
"Jun 17, 2025 9:45am","Jun 17, 2025 9:53am","SPX","Jun 17, 2025","longcall","long call 5,975","1","profits","530","3585","14.78","3585","NaN","35.85","35.6","36.1","41.15","40.7","41.6","3585","","6007.25","6014.27"
"Jun 20, 2025 9:45am","Jun 20, 2025 4:00pm","SPX","Jun 20, 2025","longcall","long call 5,985","1","expired","-3640","3640","-100","3640","NaN","36.4","36.2","36.6","0","","","3640","","6017.12","5967.84"
"Jun 23, 2025 9:45am","Jun 23, 2025 9:49am","SPX","Jun 23, 2025","longcall","long call 5,940","1","profits","515","4210","12.23","4210","NaN","42.1","40","44.2","47.25","47","47.5","4210","","5977.89","5984.56"
"Jun 24, 2025 9:45am","Jun 24, 2025 9:48am","SPX","Jun 24, 2025","longcall","long call 6,045","1","profits","335","3260","10.28","3260","NaN","32.6","32.4","32.8","35.95","35.7","36.2","3260","","6074.14","6078.15"
"Jun 25, 2025 9:45am","Jun 25, 2025 4:00pm","SPX","Jun 25, 2025","longcall","long call 6,080","1","expired","-1724","2940","-58.64","2940","NaN","29.4","29.2","29.6","12.16","","","2940","","6106.72","6092.16"
"Jun 26, 2025 9:45am","Jun 26, 2025 10:21am","SPX","Jun 26, 2025","longcall","long call 6,090","1","profits","315","2920","10.79","2920","NaN","29.2","29","29.4","32.35","32.2","32.5","2920","","6116.68","6120.39"
"Jun 27, 2025 9:45am","Jun 27, 2025 9:53am","SPX","Jun 27, 2025","longcall","long call 6,140","2","profits","540","4750","11.37","4750","NaN","23.75","23.6","23.9","26.45","26.3","26.6","2375","","6160.56","6164.18"
"Jun 30, 2025 9:45am","Jun 30, 2025 12:43pm","SPX","Jun 30, 2025","longcall","long call 6,150","1","profits","445","4035","11.03","4035","NaN","40.35","40.2","40.5","44.8","44.6","45","4035","","6186.51","6193.33"
"Jul 1, 2025 9:45am","Jul 1, 2025 9:50am","SPX","Jul 1, 2025","longcall","long call 6,155","1","profits","560","3690","15.18","3690","NaN","36.9","34.8","39","42.5","42.4","42.6","3690","","6188.49","6195.6"
"Jul 2, 2025 9:45am","Jul 2, 2025 9:46am","SPX","Jul 2, 2025","longcall","long call 6,170","1","profits","285","2730","10.44","2730","NaN","27.3","27.1","27.5","30.15","30","30.3","2730","","6194.46","6198.81"
"Jul 7, 2025 9:45am","Jul 7, 2025 9:52am","SPX","Jul 7, 2025","longcall","long call 6,230","1","profits","330","2980","11.07","2980","NaN","29.8","29.6","30","33.1","32.9","33.3","2980","","6256.85","6260.51"
"Jul 8, 2025 9:45am","Jul 8, 2025 9:46am","SPX","Jul 8, 2025","longcall","long call 6,210","1","profits","305","2665","11.44","2665","NaN","26.65","26.5","26.8","29.7","29.6","29.8","2665","","6232.85","6236.72"
"Jul 9, 2025 9:45am","Jul 9, 2025 9:47am","SPX","Jul 9, 2025","longcall","long call 6,240","1","profits","295","2645","11.15","2645","NaN","26.45","26.3","26.6","29.4","29.2","29.6","2645","","6263.24","6266.35"
"Jul 10, 2025 9:45am","Jul 10, 2025 10:37am","SPX","Jul 10, 2025","longcall","long call 6,235","1","profits","275","2745","10.02","2745","NaN","27.45","27.3","27.6","30.2","30.1","30.3","2745","","6260.2","6263.81"
"Jul 11, 2025 9:45am","Jul 11, 2025 9:49am","SPX","Jul 11, 2025","longcall","long call 6,210","1","profits","505","3360","15.03","3360","NaN","33.6","33.5","33.7","38.65","38.5","38.8","3360","","6240.21","6246.46"
"Jul 14, 2025 9:45am","Jul 14, 2025 9:48am","SPX","Jul 14, 2025","longcall","long call 6,210","1","profits","545","3335","16.34","3335","NaN","33.35","33.2","33.5","38.8","38.6","39","3335","","6240.33","6247.33"
"Jul 15, 2025 9:45am","Jul 15, 2025 4:00pm","SPX","Jul 15, 2025","longcall","long call 6,260","1","expired","-2800","2800","-100","2800","NaN","28","27.9","28.1","0","","","2800","","6285.57","6243.76"
"Jul 16, 2025 9:45am","Jul 16, 2025 2:43pm","SPX","Jul 16, 2025","longcall","long call 6,230","1","profits","320","2620","12.21","2620","NaN","26.2","26.1","26.3","29.4","29.2","29.6","2620","","6252.68","6259.29"
"Jul 17, 2025 9:45am","Jul 17, 2025 9:50am","SPX","Jul 17, 2025","longcall","long call 6,255","2","profits","630","5000","12.6","5000","NaN","25","24.9","25.1","28.15","28","28.3","2500","","6276.94","6280.58"
"Jul 18, 2025 9:45am","Jul 18, 2025 9:48am","SPX","Jul 18, 2025","longcall","long call 6,285","1","profits","340","2510","13.55","2510","NaN","25.1","25","25.2","28.5","28.3","28.7","2510","","6307.76","6311.43"
"Jul 21, 2025 9:45am","Jul 21, 2025 9:46am","SPX","Jul 21, 2025","longcall","long call 6,300","2","profits","700","3660","19.13","3660","NaN","18.3","18.2","18.4","21.8","21.7","21.9","1830","","6315.49","6319.53"
"Jul 22, 2025 9:45am","Jul 22, 2025 3:39pm","SPX","Jul 22, 2025","longcall","long call 6,285","1","profits","310","2765","11.21","2765","NaN","27.65","27.5","27.8","30.75","30.5","31","2765","","6309.64","6315.63"
"Jul 23, 2025 9:45am","Jul 23, 2025 11:55am","SPX","Jul 23, 2025","longcall","long call 6,300","1","profits","855","3020","28.31","3020","NaN","30.2","30","30.4","38.75","38.4","39.1","3020","","6327.52","6338.34"
"Jul 24, 2025 9:45am","Jul 24, 2025 9:48am","SPX","Jul 24, 2025","longcall","long call 6,345","2","profits","1210","4990","24.25","4990","NaN","24.95","22.9","27","31","30.8","31.2","2495","","6367.15","6373.77"
"Jul 25, 2025 9:45am","Jul 25, 2025 10:36am","SPX","Jul 25, 2025","longcall","long call 6,355","2","profits","780","4310","18.1","4310","NaN","21.55","21.4","21.7","25.45","25.3","25.6","2155","","6374.01","6379.15"
"Jul 28, 2025 9:45am","Jul 28, 2025 10:05am","SPX","Jul 28, 2025","longcall","long call 6,375","2","profits","450","4320","10.42","4320","NaN","21.6","21.5","21.7","23.85","23.7","24","2160","","6394.63","6396.89"
"Jul 29, 2025 9:45am","Jul 29, 2025 4:00pm","SPX","Jul 29, 2025","longcall","long call 6,380","2","expired","-4700","4700","-100","4700","NaN","23.5","23.3","23.7","0","","","2350","","6400.78","6370.86"
"Jul 30, 2025 9:45am","Jul 30, 2025 10:24am","SPX","Jul 30, 2025","longcall","long call 6,345","1","profits","485","3905","12.42","3905","NaN","39.05","38.9","39.2","43.9","43.7","44.1","3905","","6380.5","6386.29"
"Jul 31, 2025 9:45am","Jul 31, 2025 9:51am","SPX","Jul 31, 2025","longcall","long call 6,365","1","profits","540","3970","13.6","3970","NaN","39.7","39.5","39.9","45.1","44.9","45.3","3970","","6401.09","6407.52"
"Aug 4, 2025 9:45am","Aug 4, 2025 9:46am","SPX","Aug 4, 2025","longcall","long call 6,265","1","profits","375","3600","10.42","3600","NaN","36","35.9","36.1","39.75","39.6","39.9","3600","","6297.85","6302.22"
"Aug 5, 2025 9:45am","Aug 5, 2025 4:00pm","SPX","Aug 5, 2025","longcall","long call 6,310","1","expired","-3430","3430","-100","3430","NaN","34.3","31","37.6","0","","","3430","","6339.67","6299.19"
"Aug 6, 2025 9:45am","Aug 6, 2025 9:49am","SPX","Aug 6, 2025","longcall","long call 6,275","1","profits","435","3805","11.43","3805","NaN","38.05","37.8","38.3","42.4","42.2","42.6","3805","","6309.23","6314.13"
"Aug 7, 2025 9:45am","Aug 7, 2025 4:00pm","SPX","Aug 7, 2025","longcall","long call 6,350","1","expired","-3520","3520","-100","3520","NaN","35.2","35","35.4","0","","","3520","","6382.07","6340"
"Aug 8, 2025 9:45am","Aug 8, 2025 9:46am","SPX","Aug 8, 2025","longcall","long call 6,335","1","profits","380","3390","11.21","3390","NaN","33.9","33.7","34.1","37.7","37.5","37.9","3390","","6365.65","6369.96"
"Aug 11, 2025 9:45am","Aug 11, 2025 12:08pm","SPX","Aug 11, 2025","longcall","long call 6,370","1","profits","465","2745","16.94","2745","NaN","27.45","27.3","27.6","32.1","31.9","32.3","2745","","6394.41","6401.24"
"Aug 12, 2025 9:45am","Aug 12, 2025 9:47am","SPX","Aug 12, 2025","longcall","long call 6,370","1","profits","405","3500","11.57","3500","NaN","35","34.3","35.7","39.05","38.8","39.3","3500","","6400.67","6404.45"
"Aug 13, 2025 9:45am","Aug 13, 2025 9:50am","SPX","Aug 13, 2025","longcall","long call 6,450","1","profits","275","2640","10.42","2640","NaN","26.4","26.2","26.6","29.15","29","29.3","2640","","6473.68","6476.83"
"Aug 14, 2025 9:45am","Aug 14, 2025 9:51am","SPX","Aug 14, 2025","longcall","long call 6,420","1","profits","410","3510","11.68","3510","NaN","35.1","34.9","35.3","39.2","39","39.4","3510","","6452.22","6457.07"
"Aug 15, 2025 9:45am","Aug 15, 2025 4:00pm","SPX","Aug 15, 2025","longcall","long call 6,445","1","expired","-2290","2770","-82.67","2770","NaN","27.7","27.6","27.8","4.8","","","2770","","6469.02","6449.8"
"Aug 18, 2025 9:45am","Aug 18, 2025 9:46am","SPX","Aug 18, 2025","longcall","long call 6,425","1","profits","280","2570","10.9","2570","NaN","25.7","25.5","25.9","28.5","28.3","28.7","2570","","6447.73","6451.73"
"Aug 19, 2025 9:45am","Aug 19, 2025 10:03am","SPX","Aug 19, 2025","longcall","long call 6,425","2","profits","690","4330","15.94","4330","NaN","21.65","21.5","21.8","25.1","24.9","25.3","2165","","6444.18","6448.3"
"Aug 20, 2025 9:45am","Aug 20, 2025 3:50pm","SPX","Aug 20, 2025","longcall","long call 6,360","1","profits","455","3960","11.49","3960","NaN","39.6","39.4","39.8","44.15","43.8","44.5","3960","","6395.36","6404.53"
"Aug 21, 2025 9:45am","Aug 21, 2025 10:03am","SPX","Aug 21, 2025","longcall","long call 6,335","1","profits","630","4250","14.82","4250","NaN","42.5","37.7","47.3","48.8","48.5","49.1","4250","","6373.35","6380.56"
"Aug 25, 2025 9:45am","Aug 25, 2025 11:10am","SPX","Aug 25, 2025","longcall","long call 6,435","2","profits","470","4700","10","4700","NaN","23.5","23.4","23.6","25.85","25.7","26","2350","","6455.67","6460.01"
"Aug 26, 2025 9:45am","Aug 26, 2025 10:23am","SPX","Aug 26, 2025","longcall","long call 6,420","2","profits","550","4850","11.34","4850","NaN","24.25","24.1","24.4","27","26.8","27.2","2425","","6441.74","6445.29"
"Aug 27, 2025 9:45am","Aug 27, 2025 10:14am","SPX","Aug 27, 2025","longcall","long call 6,445","2","profits","690","5000","13.8","5000","NaN","25","24.8","25.2","28.45","28.3","28.6","2500","","6467.9","6472.34"
"Aug 28, 2025 9:45am","Aug 28, 2025 12:15pm","SPX","Aug 28, 2025","longcall","long call 6,465","2","profits","510","4880","10.45","4880","NaN","24.4","24.3","24.5","26.95","26.8","27.1","2440","","6486.41","6491.25"
"Aug 29, 2025 9:45am","Aug 29, 2025 4:00pm","SPX","Aug 29, 2025","longcall","long call 6,455","1","expired","-2639","3165","-83.38","3165","NaN","31.65","31.5","31.8","5.26","","","3165","","6483.51","6460.26"
"Sep 2, 2025 9:45am","Sep 2, 2025 9:50am","SPX","Sep 2, 2025","longcall","long call 6,340","1","profits","545","4640","11.75","4640","NaN","46.4","41.6","51.2","51.85","51.6","52.1","4640","","6381.78","6388.69"
"Sep 3, 2025 9:45am","Sep 3, 2025 10:43am","SPX","Sep 3, 2025","longcall","long call 6,415","1","profits","340","3040","11.18","3040","NaN","30.4","30.3","30.5","33.8","33.6","34","3040","","6442.52","6447.49"
"Sep 4, 2025 9:45am","Sep 4, 2025 10:37am","SPX","Sep 4, 2025","longcall","long call 6,435","1","profits","305","2950","10.34","2950","NaN","29.5","29.1","29.9","32.55","32.4","32.7","2950","","6462.18","6466.19"
"Sep 5, 2025 9:45am","Sep 5, 2025 4:00pm","SPX","Sep 5, 2025","longcall","long call 6,500","1","expired","-3460","3460","-100","3460","NaN","34.6","34.4","34.8","0","","","3460","","6530.95","6481.5"
"Sep 8, 2025 9:45am","Sep 8, 2025 10:39am","SPX","Sep 8, 2025","longcall","long call 6,470","1","profits","370","2895","12.78","2895","NaN","28.95","28.8","29.1","32.65","32.5","32.8","2895","","6497.14","6501.79"
"Sep 9, 2025 9:45am","Sep 9, 2025 1:57pm","SPX","Sep 9, 2025","longcall","long call 6,475","1","profits","340","3085","11.02","3085","NaN","30.85","30.7","31","34.25","34.1","34.4","3085","","6503.01","6508.86"
"Sep 10, 2025 9:45am","Sep 10, 2025 9:49am","SPX","Sep 10, 2025","longcall","long call 6,520","1","profits","375","2655","14.12","2655","NaN","26.55","26.4","26.7","30.3","30.1","30.5","2655","","6544.2","6548.06"
"Sep 11, 2025 9:45am","Sep 11, 2025 9:47am","SPX","Sep 11, 2025","longcall","long call 6,515","1","profits","485","3640","13.32","3640","NaN","36.4","36.2","36.6","41.25","40.9","41.6","3640","","6548.5","6553.58"
"Sep 12, 2025 9:45am","Sep 12, 2025 9:56am","SPX","Sep 12, 2025","longcall","long call 6,565","2","profits","650","4500","14.44","4500","NaN","22.5","22.4","22.6","25.75","25.6","25.9","2250","","6584.82","6588.81"
"Sep 15, 2025 9:45am","Sep 15, 2025 9:47am","SPX","Sep 15, 2025","longcall","long call 6,575","1","profits","385","3150","12.22","3150","NaN","31.5","31.3","31.7","35.35","35.2","35.5","3150","","6603.39","6608.79"
"Sep 16, 2025 9:45am","Sep 16, 2025 4:00pm","SPX","Sep 16, 2025","longcall","long call 6,595","2","expired","-2468","4820","-51.2","4820","NaN","24.1","23.9","24.3","11.76","","","2410","","6616.15","6606.76"
"Sep 18, 2025 9:45am","Sep 18, 2025 9:50am","SPX","Sep 18, 2025","longcall","long call 6,590","1","profits","520","3145","16.53","3145","NaN","31.45","31.3","31.6","36.65","36.5","36.8","3145","","6616.06","6622.57"
"Sep 19, 2025 9:45am","Sep 19, 2025 9:50am","SPX","Sep 19, 2025","longcall","long call 6,615","1","profits","605","3145","19.24","3145","NaN","31.45","31.3","31.6","37.5","37.2","37.8","3145","","6642.82","6650.38"
"Sep 22, 2025 9:45am","Sep 22, 2025 9:49am","SPX","Sep 22, 2025","longcall","long call 6,635","2","profits","470","4070","11.55","4070","NaN","20.35","20.2","20.5","22.7","22.5","22.9","2035","","6652.88","6656.33"
"Sep 23, 2025 9:45am","Sep 23, 2025 4:00pm","SPX","Sep 23, 2025","longcall","long call 6,665","1","expired","-3200","3200","-100","3200","NaN","32","31.6","32.4","0","","","3200","","6693.88","6656.92"
"Sep 24, 2025 9:45am","Sep 24, 2025 4:00pm","SPX","Sep 24, 2025","longcall","long call 6,630","1","expired","-2638","3435","-76.8","3435","NaN","34.35","34.2","34.5","7.97","","","3435","","6661.11","6637.97"
"Sep 26, 2025 9:45am","Sep 26, 2025 9:47am","SPX","Sep 26, 2025","longcall","long call 6,605","1","profits","360","3540","10.17","3540","NaN","35.4","35.3","35.5","39","38.8","39.2","3540","","6636.36","6640.41"
"Sep 29, 2025 9:45am","Sep 29, 2025 10:10am","SPX","Sep 29, 2025","longcall","long call 6,635","1","profits","570","3720","15.32","3720","NaN","37.2","37","37.4","42.9","42.7","43.1","3720","","6668.85","6676.84"
"Sep 30, 2025 9:45am","Sep 30, 2025 12:22pm","SPX","Sep 30, 2025","longcall","long call 6,625","1","profits","645","3440","18.75","3440","NaN","34.4","34.2","34.6","40.85","40.6","41.1","3440","","6655.97","6664.7"
"Oct 1, 2025 9:45am","Oct 1, 2025 10:36am","SPX","Oct 1, 2025","longcall","long call 6,645","1","profits","385","3650","10.55","3650","NaN","36.5","36.1","36.9","40.35","40.2","40.5","3650","","6678.08","6683.85"
"Oct 2, 2025 9:45am","Oct 2, 2025 9:47am","SPX","Oct 2, 2025","longcall","long call 6,685","1","profits","465","3355","13.86","3355","NaN","33.55","33.3","33.8","38.2","38","38.4","3355","","6714.9","6720.91"
"Oct 3, 2025 9:45am","Oct 3, 2025 9:52am","SPX","Oct 3, 2025","longcall","long call 6,705","1","profits","380","3145","12.08","3145","NaN","31.45","30.7","32.2","35.25","35.1","35.4","3145","","6733.11","6738.1"
"Oct 6, 2025 9:45am","Oct 6, 2025 9:50am","SPX","Oct 6, 2025","longcall","long call 6,700","1","profits","340","3005","11.31","3005","NaN","30.05","29.9","30.2","33.45","33.3","33.6","3005","","6726.48","6730.76"
"Oct 7, 2025 9:45am","Oct 7, 2025 4:00pm","SPX","Oct 7, 2025","longcall","long call 6,725","1","expired","-2785","2785","-100","2785","NaN","27.85","27.7","28","0","","","2785","","6749.49","6714.59"
"Oct 8, 2025 9:45am","Oct 8, 2025 9:48am","SPX","Oct 8, 2025","longcall","long call 6,690","1","profits","475","3450","13.77","3450","NaN","34.5","34.3","34.7","39.25","39.1","39.4","3450","","6720.98","6726.23"
"Oct 9, 2025 9:45am","Oct 9, 2025 4:00pm","SPX","Oct 9, 2025","longcall","long call 6,725","1","expired","-1924","2935","-65.55","2935","NaN","29.35","29.2","29.5","10.11","","","2935","","6750.78","6735.11"
"Oct 10, 2025 9:45am","Oct 10, 2025 4:00pm","SPX","Oct 10, 2025","longcall","long call 6,730","1","expired","-3215","3215","-100","3215","NaN","32.15","32","32.3","0","","","3215","","6758.68","6552.51"
"Oct 20, 2025 9:45am","Oct 20, 2025 9:48am","SPX","Oct 20, 2025","longcall","long call 6,670","1","profits","490","4395","11.15","4395","NaN","43.95","43.7","44.2","48.85","48.6","49.1","4395","","6709.57","6714.82"
"Oct 21, 2025 9:45am","Oct 21, 2025 10:53am","SPX","Oct 21, 2025","longcall","long call 6,695","1","profits","475","4295","11.06","4295","NaN","42.95","42.6","43.3","47.7","47.3","48.1","4295","","6733.68","6741.37"
"Oct 23, 2025 9:45am","Oct 23, 2025 9:50am","SPX","Oct 23, 2025","longcall","long call 6,675","1","profits","650","4635","14.02","4635","NaN","46.35","46","46.7","52.85","52.4","53.3","4635","","6716.6","6725.64"
"Oct 24, 2025 9:45am","Oct 24, 2025 10:11am","SPX","Oct 24, 2025","longcall","long call 6,755","1","profits","475","4410","10.77","4410","NaN","44.1","42.8","45.4","48.85","48.5","49.2","4410","","6794.88","6800.77"
"Oct 27, 2025 9:45am","Oct 27, 2025 10:02am","SPX","Oct 27, 2025","longcall","long call 6,825","1","profits","315","2880","10.94","2880","NaN","28.8","28.7","28.9","31.95","31.8","32.1","2880","","6850.71","6854.52"
"Oct 28, 2025 9:45am","Oct 28, 2025 12:31pm","SPX","Oct 28, 2025","longcall","long call 6,855","1","profits","480","3095","15.51","3095","NaN","30.95","30.8","31.1","35.75","35.5","36","3095","","6882.54","6889.67"
"Nov 3, 2025 9:45am","Nov 3, 2025 1:13pm","SPX","Nov 3, 2025","longcall","long call 6,810","1","profits","485","4825","10.05","4825","NaN","48.25","47.2","49.3","53.1","52.8","53.4","4825","","6852.91","6862.42"
"Nov 10, 2025 9:45am","Nov 10, 2025 12:56pm","SPX","Nov 10, 2025","longcall","long call 6,775","1","profits","430","3730","11.53","3730","NaN","37.3","37.2","37.4","41.6","41.4","41.8","3730","","6808.57","6815.74"
"Nov 11, 2025 9:45am","Nov 11, 2025 9:57am","SPX","Nov 11, 2025","longcall","long call 6,790","1","profits","345","3390","10.18","3390","NaN","33.9","33.7","34.1","37.35","37.1","37.6","3390","","6820.05","6824.22"
"Nov 12, 2025 9:45am","Nov 12, 2025 4:00pm","SPX","Nov 12, 2025","longcall","long call 6,830","1","expired","-1448","3540","-40.9","3540","NaN","35.4","35.2","35.6","20.92","","","3540","","6861.58","6850.92"
"Nov 26, 2025 9:45am","Nov 26, 2025 9:50am","SPX","Nov 26, 2025","longcall","long call 6,765","1","profits","480","4245","11.31","4245","NaN","42.45","41.9","43","47.25","47","47.5","4245","","6803.23","6808.98"
"Dec 1, 2025 9:45am","Dec 1, 2025 9:47am","SPX","Dec 1, 2025","longcall","long call 6,765","1","profits","565","4630","12.2","4630","NaN","46.3","46","46.6","51.95","51.6","52.3","4630","","6806.46","6813.29"
"Dec 2, 2025 9:45am","Dec 2, 2025 10:02am","SPX","Dec 2, 2025","longcall","long call 6,800","1","profits","475","4140","11.47","4140","NaN","41.4","41.2","41.6","46.15","45.9","46.4","4140","","6837.55","6844.19"
"Dec 3, 2025 9:45am","Dec 3, 2025 10:03am","SPX","Dec 3, 2025","longcall","long call 6,780","1","profits","705","4745","14.86","4745","NaN","47.45","47.2","47.7","54.5","54.2","54.8","4745","","6822.35","6832.4"
"Dec 4, 2025 9:45am","Dec 4, 2025 1:32pm","SPX","Dec 4, 2025","longcall","long call 6,815","1","profits","445","4110","10.83","4110","NaN","41.1","40.9","41.3","45.55","45.3","45.8","4110","","6851.95","6860.15"
"Dec 5, 2025 9:45am","Dec 5, 2025 9:49am","SPX","Dec 5, 2025","longcall","long call 6,835","1","profits","455","3985","11.42","3985","NaN","39.85","39.6","40.1","44.4","44.1","44.7","3985","","6870.83","6875.63"
"Dec 8, 2025 9:45am","Dec 8, 2025 4:00pm","SPX","Dec 8, 2025","longcall","long call 6,840","1","expired","-2784","3435","-81.05","3435","NaN","34.35","34.1","34.6","6.51","","","3435","","6871.13","6846.51"
"Dec 9, 2025 9:45am","Dec 9, 2025 9:51am","SPX","Dec 9, 2025","longcall","long call 6,820","1","profits","400","3275","12.21","3275","NaN","32.75","32.6","32.9","36.75","36.5","37","3275","","6848.9","6854.12"
"Dec 11, 2025 9:45am","Dec 11, 2025 10:24am","SPX","Dec 11, 2025","longcall","long call 6,830","1","profits","500","4120","12.14","4120","NaN","41.2","40.9","41.5","46.2","45.9","46.5","4120","","6867.09","6873.93"
"Dec 12, 2025 9:45am","Dec 12, 2025 4:00pm","SPX","Dec 12, 2025","longcall","long call 6,855","1","expired","-3900","3900","-100","3900","NaN","39","38.5","39.5","0","","","3900","","6889.62","6827.41"
"Dec 15, 2025 9:45am","Dec 15, 2025 4:00pm","SPX","Dec 15, 2025","longcall","long call 6,800","1","expired","-3304","4955","-66.68","4955","NaN","49.55","49.3","49.8","16.51","","","4955","","6844.16","6816.51"
"Dec 19, 2025 9:45am","Dec 19, 2025 10:01am","SPX","Dec 19, 2025","longcall","long call 6,780","1","profits","495","4800","10.31","4800","NaN","48","47.7","48.3","52.95","52.6","53.3","4800","","6823.48","6829.16"
"Dec 22, 2025 9:45am","Dec 22, 2025 9:55am","SPX","Dec 22, 2025","longcall","long call 6,830","1","profits","625","3445","18.14","3445","NaN","34.45","34.2","34.7","40.7","40.3","41.1","3445","","6860.87","6868.02"
"Dec 23, 2025 9:45am","Dec 23, 2025 9:48am","SPX","Dec 23, 2025","longcall","long call 6,865","2","profits","530","4850","10.93","4850","NaN","24.25","24.1","24.4","26.9","26.7","27.1","2425","","6887.11","6889.78"
"Dec 26, 2025 9:45am","Dec 26, 2025 4:00pm","SPX","Dec 26, 2025","longcall","long call 6,930","2","expired","-3390","3390","-100","3390","NaN","16.95","16.8","17.1","0","","","1695","","6944.68","6929.94"
"Dec 29, 2025 9:45am","Dec 29, 2025 4:00pm","SPX","Dec 29, 2025","longcall","long call 6,885","1","expired","-961","3035","-31.66","3035","NaN","30.35","30.1","30.6","20.74","","","3035","","6912.62","6905.74"
"Dec 30, 2025 9:45am","Dec 30, 2025 9:49am","SPX","Dec 30, 2025","longcall","long call 6,875","1","profits","515","2765","18.63","2765","NaN","27.65","27.4","27.9","32.8","32.6","33","2765","","6898.89","6905.56"
"Dec 31, 2025 9:45am","Dec 31, 2025 9:55am","SPX","Dec 31, 2025","longcall","long call 6,855","1","profits","420","3445","12.19","3445","NaN","34.45","34.2","34.7","38.65","38.3","39","3445","","6885.74","6890.16"
"Jan 2, 2026 9:45am","Jan 2, 2026 9:48am","SPX","Jan 2, 2026","longcall","long call 6,845","1","profits","885","3360","26.34","3360","NaN","33.6","33.4","33.8","42.45","42.2","42.7","3360","","6876.08","6886.36"
"Jan 5, 2026 9:45am","Jan 5, 2026 9:46am","SPX","Jan 5, 2026","longcall","long call 6,875","1","profits","315","2970","10.61","2970","NaN","29.7","29.5","29.9","32.85","32.6","33.1","2970","","6901.35","6904.4"
"Jan 6, 2026 9:45am","Jan 6, 2026 9:47am","SPX","Jan 6, 2026","longcall","long call 6,890","2","profits","710","4830","14.7","4830","NaN","24.15","23.9","24.4","27.7","27.4","28","2415","","6911.79","6916.14"
"Jan 7, 2026 9:45am","Jan 7, 2026 11:47am","SPX","Jan 7, 2026","longcall","long call 6,930","1","profits","315","2685","11.73","2685","NaN","26.85","26.7","27","30","29.8","30.2","2685","","6954.14","6959.9"
"Jan 8, 2026 9:45am","Jan 8, 2026 9:47am","SPX","Jan 8, 2026","longcall","long call 6,870","1","profits","470","3765","12.48","3765","NaN","37.65","37.4","37.9","42.35","42.1","42.6","3765","","6903.62","6908.94"
"Jan 12, 2026 9:45am","Jan 12, 2026 9:51am","SPX","Jan 12, 2026","longcall","long call 6,925","1","profits","525","3105","16.91","3105","NaN","31.05","30.8","31.3","36.3","36.1","36.5","3105","","6953.14","6959.36"
"Jan 13, 2026 9:45am","Jan 13, 2026 4:00pm","SPX","Jan 13, 2026","longcall","long call 6,945","1","expired","-1591","3465","-45.92","3465","NaN","34.65","34.4","34.9","18.74","","","3465","","6976.48","6963.74"
"Jan 15, 2026 9:45am","Jan 15, 2026 10:36am","SPX","Jan 15, 2026","longcall","long call 6,930","1","profits","425","3870","10.98","3870","NaN","38.7","38.4","39","42.95","42.7","43.2","3870","","6965.53","6971.51"
"Jan 16, 2026 9:45am","Jan 16, 2026 9:46am","SPX","Jan 16, 2026","longcall","long call 6,925","1","profits","415","3375","12.3","3375","NaN","33.75","33.5","34","37.9","37.4","38.4","3375","","6954.74","6960.72"
"Jan 21, 2026 9:45am","Jan 21, 2026 9:48am","SPX","Jan 21, 2026","longcall","long call 6,780","1","profits","920","4915","18.72","4915","NaN","49.15","48.9","49.4","58.35","58","58.7","4915","","6823.33","6834.39"
"Jan 22, 2026 9:45am","Jan 22, 2026 11:46am","SPX","Jan 22, 2026","longcall","long call 6,880","1","profits","505","4195","12.04","4195","NaN","41.95","41.7","42.2","47","46.8","47.2","4195","","6917.92","6926.32"
"Jan 23, 2026 9:45am","Jan 23, 2026 9:58am","SPX","Jan 23, 2026","longcall","long call 6,875","1","profits","420","3260","12.88","3260","NaN","32.6","32.3","32.9","36.8","36.6","37","3260","","6903.62","6908.15"
"Jan 26, 2026 9:45am","Jan 26, 2026 10:17am","SPX","Jan 26, 2026","longcall","long call 6,915","1","profits","350","3410","10.26","3410","NaN","34.1","33.9","34.3","37.6","37.4","37.8","3410","","6945.42","6950.79"
"Jan 27, 2026 9:45am","Jan 27, 2026 9:50am","SPX","Jan 27, 2026","longcall","long call 6,940","1","profits","310","2780","11.15","2780","NaN","27.8","27.6","28","30.9","30.7","31.1","2780","","6965.46","6968.26"
"Jan 28, 2026 9:45am","Jan 28, 2026 4:00pm","SPX","Jan 28, 2026","longcall","long call 6,965","1","expired","-2642","3945","-66.97","3945","NaN","39.45","39.3","39.6","13.03","","","3945","","7000.57","6978.03"
"Feb 2, 2026 9:45am","Feb 2, 2026 9:51am","SPX","Feb 2, 2026","longcall","long call 6,910","1","profits","955","4350","21.95","4350","NaN","43.5","43.2","43.8","53.05","52.8","53.3","4350","","6948.53","6959.73"
"Feb 3, 2026 9:45am","Feb 3, 2026 9:48am","SPX","Feb 3, 2026","longcall","long call 6,935","1","profits","540","4300","12.56","4300","NaN","43","42.5","43.5","48.4","48","48.8","4300","","6973.75","6980.52"
"Feb 9, 2026 9:45am","Feb 9, 2026 10:16am","SPX","Feb 9, 2026","longcall","long call 6,895","1","profits","595","4410","13.49","4410","NaN","44.1","43.9","44.3","50.05","49.7","50.4","4410","","6934.24","6943.33"
"Feb 10, 2026 9:45am","Feb 10, 2026 9:51am","SPX","Feb 10, 2026","longcall","long call 6,920","1","profits","495","4555","10.87","4555","NaN","45.55","45.3","45.8","50.5","50.1","50.9","4555","","6961.13","6967.22"
"Feb 11, 2026 9:45am","Feb 11, 2026 9:46am","SPX","Feb 11, 2026","longcall","long call 6,940","1","profits","535","4040","13.24","4040","NaN","40.4","40.2","40.6","45.75","45.5","46","4040","","6975.63","6982.04"
"Feb 12, 2026 9:45am","Feb 12, 2026 4:00pm","SPX","Feb 12, 2026","longcall","long call 6,920","1","expired","-4495","4495","-100","4495","NaN","44.95","44.6","45.3","0","","","4495","","6960.53","6832.76"
"Feb 25, 2026 9:45am","Feb 25, 2026 9:46am","SPX","Feb 25, 2026","longcall","long call 6,890","1","profits","420","3965","10.59","3965","NaN","39.65","39.4","39.9","43.85","43.6","44.1","3965","","6925.84","6930.36"
"Mar 17, 2026 9:45am","Mar 17, 2026 9:47am","SPX","Mar 17, 2026","longcall","long call 6,705","1","profits","720","4465","16.13","4465","NaN","44.65","44.4","44.9","51.85","51.6","52.1","4465","","6745.17","6753.89"
"Apr 9, 2026 9:45am","Apr 9, 2026 11:19am","SPX","Apr 9, 2026","longcall","long call 6,745","1","profits","440","3875","11.35","3875","NaN","38.75","38.5","39","43.15","42.9","43.4","3875","","6780.51","6786"
"Apr 10, 2026 9:45am","Apr 10, 2026 10:26am","SPX","Apr 10, 2026","longcall","long call 6,800","1","profits","400","3645","10.97","3645","NaN","36.45","36.3","36.6","40.45","40.2","40.7","3645","","6833.05","6838.89"
"Apr 13, 2026 9:45am","Apr 13, 2026 9:49am","SPX","Apr 13, 2026","longcall","long call 6,755","1","profits","750","4320","17.36","4320","NaN","43.2","43","43.4","50.7","50.1","51.3","4320","","6793.03","6802.21"
"Apr 14, 2026 9:45am","Apr 14, 2026 10:10am","SPX","Apr 14, 2026","longcall","long call 6,895","1","profits","420","3125","13.44","3125","NaN","31.25","31","31.5","35.45","35.2","35.7","3125","","6923.15","6927.84"
"Apr 15, 2026 9:45am","Apr 15, 2026 9:48am","SPX","Apr 15, 2026","longcall","long call 6,935","1","profits","695","3750","18.53","3750","NaN","37.5","36.4","38.6","44.45","44.2","44.7","3750","","6967.44","6976.23"
"Apr 16, 2026 9:45am","Apr 16, 2026 11:16am","SPX","Apr 16, 2026","longcall","long call 7,000","1","profits","645","3620","17.82","3620","NaN","36.2","36","36.4","42.65","42.4","42.9","3620","","7033","7041.5"
"Apr 17, 2026 9:45am","Apr 17, 2026 9:52am","SPX","Apr 17, 2026","longcall","long call 7,055","1","profits","485","4445","10.91","4445","NaN","44.45","44.1","44.8","49.3","49","49.6","4445","","7095.82","7100.86"
"Apr 20, 2026 9:45am","Apr 20, 2026 9:56am","SPX","Apr 20, 2026","longcall","long call 7,070","1","profits","610","4635","13.16","4635","NaN","46.35","46.2","46.5","52.45","52.3","52.6","4635","","7111.45","7120.55"
"Apr 21, 2026 9:45am","Apr 21, 2026 9:49am","SPX","Apr 21, 2026","longcall","long call 7,085","1","profits","610","3965","15.38","3965","NaN","39.65","39.5","39.8","45.75","45.5","46","3965","","7120.4","7128.82"
"Apr 22, 2026 9:45am","Apr 22, 2026 9:47am","SPX","Apr 22, 2026","longcall","long call 7,075","1","profits","550","4070","13.51","4070","NaN","40.7","40.5","40.9","46.2","46","46.4","4070","","7110.86","7117.48"
"Apr 23, 2026 9:45am","Apr 23, 2026 10:53am","SPX","Apr 23, 2026","longcall","long call 7,095","1","profits","500","3890","12.85","3890","NaN","38.9","38.6","39.2","43.9","43.7","44.1","3890","","7129.76","7137.81"
"Apr 24, 2026 9:45am","Apr 24, 2026 10:44am","SPX","Apr 24, 2026","longcall","long call 7,080","1","profits","595","4810","12.37","4810","NaN","48.1","47.9","48.3","54.05","53.7","54.4","4810","","7123.89","7131.82"
"Apr 27, 2026 9:45am","Apr 27, 2026 1:24pm","SPX","Apr 27, 2026","longcall","long call 7,125","1","profits","405","3960","10.23","3960","NaN","39.6","39.4","39.8","43.65","43.4","43.9","3960","","0","0"
"Apr 28, 2026 9:45am","Apr 28, 2026 4:00pm","SPX","Apr 28, 2026","longcall","long call 7,110","1","expired","-1320","4200","-31.43","4200","NaN","42","41.8","42.2","28.8","","","4200","","7147.31","7138.8"
"Apr 29, 2026 9:45am","Apr 29, 2026 9:55am","SPX","Apr 29, 2026","longcall","long call 7,085","1","profits","470","4420","10.63","4420","NaN","44.2","44","44.4","48.9","48.7","49.1","4420","","7123.49","7130.15"
"Apr 30, 2026 9:45am","Apr 30, 2026 10:53am","SPX","Apr 30, 2026","longcall","long call 7,110","1","profits","490","4770","10.27","4770","NaN","47.7","47.5","47.9","52.6","52.2","53","4770","","7152.43","7160.09"
"May 1, 2026 9:45am","May 1, 2026 9:56am","SPX","May 1, 2026","longcall","long call 7,215","1","profits","670","3735","17.94","3735","NaN","37.35","37.1","37.6","44.05","43.7","44.4","3735","","7249.1","7257.23"
"May 4, 2026 9:45am","May 4, 2026 9:50am","SPX","May 4, 2026","longcall","long call 7,190","1","profits","380","3665","10.37","3665","NaN","36.65","36.4","36.9","40.45","40.2","40.7","3665","","7222.98","7227.25"
"May 5, 2026 9:45am","May 5, 2026 9:51am","SPX","May 5, 2026","longcall","long call 7,215","1","profits","410","3415","12.01","3415","NaN","34.15","33.8","34.5","38.25","38","38.5","3415","","7245.53","7250.86"
"May 6, 2026 9:45am","May 6, 2026 9:55am","SPX","May 6, 2026","longcall","long call 7,285","1","profits","420","3405","12.33","3405","NaN","34.05","33.9","34.2","38.25","38","38.5","3405","","7315.73","7319.93"
"May 7, 2026 9:45am","May 7, 2026 10:08am","SPX","May 7, 2026","longcall","long call 7,330","1","profits","450","3980","11.31","3980","NaN","39.8","39.6","40","44.3","44.1","44.5","3980","","7366.11","7373.65"
"May 8, 2026 9:45am","May 8, 2026 9:47am","SPX","May 8, 2026","longcall","long call 7,340","1","profits","575","3915","14.69","3915","NaN","39.15","39","39.3","44.9","44.6","45.2","3915","","7375.73","7382.19"
"May 11, 2026 9:45am","May 11, 2026 9:48am","SPX","May 11, 2026","longcall","long call 7,375","1","profits","425","3395","12.52","3395","NaN","33.95","33.8","34.1","38.2","38","38.4","3395","","7405.67","7410.75"
"May 12, 2026 9:45am","May 12, 2026 3:33pm","SPX","May 12, 2026","longcall","long call 7,350","1","profits","495","4290","11.54","4290","NaN","42.9","42.7","43.1","47.85","47.4","48.3","4290","","7389.02","7397.31"
"May 13, 2026 9:45am","May 13, 2026 10:15am","SPX","May 13, 2026","longcall","long call 7,345","1","profits","530","4850","10.93","4850","NaN","48.5","48.2","48.8","53.8","53.5","54.1","4850","","7388.99","7397.34"
"May 14, 2026 9:45am","May 14, 2026 10:20am","SPX","May 14, 2026","longcall","long call 7,440","1","profits","460","4020","11.44","4020","NaN","40.2","40.1","40.3","44.8","44.6","45","4020","","7475.68","7482.25"
"May 18, 2026 9:45am","May 18, 2026 9:48am","SPX","May 18, 2026","longcall","long call 7,355","1","profits","750","4960","15.12","4960","NaN","49.6","49.4","49.8","57.1","56.4","57.8","4960","","7399.2","7408.73"
"May 20, 2026 9:45am","May 20, 2026 9:47am","SPX","May 20, 2026","longcall","long call 7,345","1","profits","1020","3895","26.19","3895","NaN","38.95","38.7","39.2","49.15","48.8","49.5","3895","","7379.19","7391.6"
"May 26, 2026 9:45am","May 26, 2026 10:05am","SPX","May 26, 2026","longcall","long call 7,490","1","profits","380","3760","10.11","3760","NaN","37.6","37.4","37.8","41.4","41.2","41.6","3760","","7523.82","7529.36"
"May 28, 2026 9:45am","May 28, 2026 9:53am","SPX","May 28, 2026","longcall","long call 7,475","1","profits","570","4100","13.9","4100","NaN","41","40.8","41.2","46.7","46.4","47","4100","","7511.76","7519.25"
"May 29, 2026 9:45am","May 29, 2026 9:55am","SPX","May 29, 2026","longcall","long call 7,565","1","profits","325","3215","10.11","3215","NaN","32.15","32","32.3","35.4","35.3","35.5","3215","","7593.36","7597.12"
"Jun 1, 2026 9:45am","Jun 1, 2026 11:31am","SPX","Jun 1, 2026","longcall","long call 7,545","1","profits","420","3865","10.87","3865","NaN","38.65","38.1","39.2","42.85","42.4","43.3","3865","","7580.13","7587.94"
"Jun 2, 2026 9:45am","Jun 2, 2026 10:10am","SPX","Jun 2, 2026","longcall","long call 7,560","1","profits","410","3360","12.2","3360","NaN","33.6","33.5","33.7","37.7","37.5","37.9","3360","","7589.76","7596.63"
"Jun 4, 2026 9:45am","Jun 4, 2026 9:48am","SPX","Jun 4, 2026","longcall","long call 7,495","1","profits","505","4450","11.35","4450","NaN","44.5","44.3","44.7","49.55","49.2","49.9","4450","","7534.42","7540.2"
"Jun 9, 2026 9:45am","Jun 9, 2026 9:47am","SPX","Jun 9, 2026","longcall","long call 7,430","1","profits","550","4095","13.43","4095","NaN","40.95","40.8","41.1","46.45","46.3","46.6","4095","","7467.62","7473.68"
"Jun 15, 2026 9:45am","Jun 15, 2026 9:49am","SPX","Jun 15, 2026","longcall","long call 7,500","1","profits","725","4380","16.55","4380","NaN","43.8","43.6","44","51.05","50.7","51.4","4380","","7539.88","7549.07"
"Jun 16, 2026 9:45am","Jun 16, 2026 4:00pm","SPX","Jun 16, 2026","longcall","long call 7,525","1","expired","-3835","3835","-100","3835","NaN","38.35","38.1","38.6","0","","","3835","","7559.04","7511.35"
"Jun 22, 2026 9:45am","Jun 22, 2026 9:48am","SPX","Jun 22, 2026","longcall","long call 7,470","1","profits","795","4620","17.21","4620","NaN","46.2","46","46.4","54.15","54","54.3","4620","","7510.59","7521.31"
"Jul 2, 2026 9:45am","Jul 2, 2026 9:49am","SPX","Jul 2, 2026","longcall","long call 7,485","1","profits","680","4465","15.23","4465","NaN","44.65","44.5","44.8","51.45","51.4","51.5","4465","","7525.57","7533.4"
"Jul 6, 2026 9:45am","Jul 6, 2026 9:52am","SPX","Jul 6, 2026","longcall","long call 7,475","1","profits","595","4215","14.12","4215","NaN","42.15","41.6","42.7","48.1","48","48.2","4215","","7513.08","7521.16"
"Jul 7, 2026 9:45am","Jul 7, 2026 4:00pm","SPX","Jul 7, 2026","longcall","long call 7,490","1","expired","-2840","4225","-67.22","4225","NaN","42.25","42.1","42.4","13.85","","","4225","","7527.82","7503.85"
"Jul 9, 2026 9:45am","Jul 9, 2026 9:56am","SPX","Jul 9, 2026","longcall","long call 7,470","1","profits","630","4500","14","4500","NaN","45","44.9","45.1","51.3","51.2","51.4","4500","","7510.18","7518.94"
"Jul 10, 2026 9:45am","Jul 10, 2026 9:48am","SPX","Jul 10, 2026","longcall","long call 7,515","1","profits","385","3730","10.32","3730","NaN","37.3","37.2","37.4","41.15","41","41.3","3730","","7547.72","7554.23"
"Jul 13, 2026 9:45am","Jul 13, 2026 10:00am","SPX","Jul 13, 2026","longcall","long call 7,525","1","profits","475","3515","13.51","3515","NaN","35.15","35.1","35.2","39.9","39.8","40","3515","","7555.61","7561.39"
"Jul 14, 2026 9:45am","Jul 14, 2026 10:41am","SPX","Jul 14, 2026","longcall","long call 7,495","1","profits","580","4860","11.93","4860","NaN","48.6","48.4","48.8","54.4","54.3","54.5","4860","","7539.36","7547.61"
"Jul 15, 2026 9:45am","Jul 15, 2026 10:02am","SPX","Jul 15, 2026","longcall","long call 7,535","1","profits","580","3745","15.49","3745","NaN","37.45","37.4","37.5","43.25","43.1","43.4","3745","","7570.24","7576.98"
"Jul 16, 2026 9:45am","Jul 16, 2026 9:53am","SPX","Jul 16, 2026","longcall","long call 7,500","1","profits","625","4325","14.45","4325","NaN","43.25","43.2","43.3","49.5","49.4","49.6","4325","","7537.36","7546.31"
"Jul 20, 2026 9:45am","Jul 20, 2026 4:00pm","SPX","Jul 20, 2026","longcall","long call 7,475","1","expired","-3915","3915","-100","3915","NaN","39.15","39.1","39.2","0","","","3915","","7512.21","7443.28"
"Jul 21, 2026 9:45am","Jul 21, 2026 9:54am","SPX","Jul 21, 2026","longcall","long call 7,430","1","profits","470","4440","10.59","4440","NaN","44.4","44.3","44.5","49.1","49","49.2","4440","","7471.24","7476.58"
"Jul 22, 2026 9:45am","Jul 22, 2026 9:55am","SPX","Jul 22, 2026","longcall","long call 7,465","1","profits","445","3900","11.41","3900","NaN","39","38.9","39.1","43.45","43.4","43.5","3900","","7501.25","7507.03"
"Jul 24, 2026 9:45am","Jul 24, 2026 9:47am","SPX","Jul 24, 2026","longcall","long call 7,375","1","profits","480","4090","11.74","4090","NaN","40.9","39.2","42.6","45.7","45.6","45.8","4090","","7411.66","7416.06"
"Jul 27, 2026 9:45am","Jul 27, 2026 9:52am","SPX","Jul 27, 2026","longcall","long call 7,420","1","profits","455","4270","10.66","4270","NaN","42.7","42.6","42.8","47.25","47.1","47.4","4270","","7458.72","7465.71"
"Aug 3, 2026 9:45am","Aug 3, 2026 9:52am","SPX","Aug 3, 2026","longcall","long call 7,500","1","profits","785","4310","18.21","4310","NaN","43.1","43","43.2","50.95","50.8","51.1","4310","","7539.89","7548.51"
"Aug 4, 2026 9:45am","Aug 4, 2026 9:46am","SPX","Aug 4, 2026","longcall","long call 7,605","1","profits","495","4095","12.09","4095","NaN","40.95","40.8","41.1","45.9","45.8","46","4095","","7642.86","7649.99"
"Aug 6, 2026 9:45am","Aug 6, 2026 9:48am","SPX","Aug 6, 2026","longcall","long call 7,685","1","profits","780","4850","16.08","4850","NaN","48.5","48.4","48.6","56.3","56.2","56.4","4850","","7729.3","7737.41"
"Aug 7, 2026 9:45am","Aug 7, 2026 10:26am","SPX","Aug 7, 2026","longcall","long call 7,705","1","profits","515","4285","12.02","4285","NaN","42.85","42.7","43","48","47.9","48.1","4285","","7744.63","7750.63"
"Aug 10, 2026 9:45am","Aug 10, 2026 9:50am","SPX","Aug 10, 2026","longcall","long call 7,720","1","profits","365","3285","11.11","3285","NaN","32.85","32.8","32.9","36.5","36.4","36.6","3285","","7751.5","7755.94"
"Aug 11, 2026 9:45am","Aug 11, 2026 10:01am","SPX","Aug 11, 2026","longcall","long call 7,725","1","profits","575","3400","16.91","3400","NaN","34","33.9","34.1","39.75","39.7","39.8","3400","","7756.9","7763.41"
"Aug 12, 2026 9:45am","Aug 12, 2026 9:49am","SPX","Aug 12, 2026","longcall","long call 7,715","1","profits","620","3970","15.62","3970","NaN","39.7","39.6","39.8","45.9","45.6","46.2","3970","","7751.91","7758.68"
"Aug 13, 2026 9:45am","Aug 13, 2026 9:46am","SPX","Aug 13, 2026","longcall","long call 7,750","1","profits","465","3265","14.24","3265","NaN","32.65","32.5","32.8","37.3","37.2","37.4","3265","","7779.92","7786.48"
"Aug 14, 2026 9:45am","Aug 14, 2026 4:00pm","SPX","Aug 14, 2026","longcall","long call 7,780","1","expired","-2286","2890","-79.1","2890","NaN","28.9","28.8","29","6.04","","","2890","","7805.79","7786.04"
"Aug 17, 2026 9:45am","Aug 17, 2026 9:49am","SPX","Aug 17, 2026","longcall","long call 7,750","1","profits","340","2905","11.7","2905","NaN","29.05","29","29.1","32.45","32.4","32.5","2905","","7775.88","7779"
"Aug 18, 2026 9:45am","Aug 18, 2026 4:00pm","SPX","Aug 18, 2026","longcall","long call 7,675","1","expired","-2004","3680","-54.46","3680","NaN","36.8","36.7","36.9","16.76","","","3680","","7706.7","7691.76"