t,p,h,l
13:00,7738.39,7739.47,7737.59
13:05,7740.16,7740.33,7735.6
13:10,7739.44,7741.27,7738.97
13:15,7739.28,7740.24,7738.2
13:20,7740.05,7740.73,7738.6
13:25,7735.14,7739.97,7734.88
13:30,7735.4,7738.49,7734.86
13:35,7735.2,7737.14,7734.99
13:40,7734.6,7737.73,7734.45
13:45,7731.75,7734.85,7730.94
13:50,7731.83,7732.62,7730.28
13:55,7730.61,7732.86,7729.89
14:00,7723.72,7731.84,7723.68
14:05,7723.66,7725.62,7722.2
14:10,7720.73,7723.91,7718.57
14:15,7721.09,7722.89,7719.25
14:20,7719.25,7722.36,7718.4
14:25,7712.38,7719.48,7711.38
14:30,7713.76,7717.24,7712.34
14:35,7718.4,7718.4,7713.15
14:40,7717.07,7719.65,7716.67
14:45,7713.71,7718.75,7713.71
14:50,7711.99,7714.42,7711.82
14:55,7715.4,7716.35,7710.17
15:00,7717.68,7718.45,7713.91
15:05,7719.91,7720.53,7715.56
15:10,7717.93,7720.95,7717.75
15:15,7720.51,7720.55,7717.66
15:20,7718.57,7721.12,7718.42
15:25,7717.69,7719.3,7716.54
15:30,7722.72,7723.28,7716.7
15:35,7724.28,7724.46,7722.47
15:40,7724.95,7724.95,7722.56
15:45,7726.67,7726.81,7724.2
15:50,7731.38,7732.12,7722.87
15:55,7730.11,7732.14,7727.91
16:00,7730.99,7730.99,7728.65
