finding_id,source_path,source_date,what_tested,result_with_unit,n_and_window,tier,caveat_flags,still_valid,implication_for_edge_search
BF-001,data/captures/2026-10-06-t1-s2-tail/README.md; data/captures/2026-10-06-t2-strike-distance/A0-ride.csv,2026-10-06,"SPX 0DTE IC .10d shorts $5 wings 13:30 Change% +/-0.75 gate, ride to settlement (T1-A0, S2-130PM shape)","+0.0022 R per condor gross (PF 1.02, $848 gross); est. net of $3.16/txn: -$1,759, -0.0050 R per condor (t -0.41) [net recomputed 2026-10-06 from A0-ride.csv]","825 condors, 2021-10-06 to 2026-10-05","T4 IS backtest (single platform, mid fills)",exits stop ~15:45; single IC vs live paired spreads + Cleanup; no FOMC skip,YES,The base S2-130PM shape has no edge gross or net. Do not search exits on top of it expecting income.
BF-002,data/captures/2026-10-06-t2-strike-distance/A0-ride.csv (window split recomputed 2026-10-06),2026-10-06,"Same A0 ride, split at the TAIL-HOLDOUT boundary (selection 2021-10..2024-12 / holdout 2025-01..)","net R per condor: selection -0.0170 (t -1.04, n 515); holdout +0.0150 (t +0.82, n 310). Net $ by year: 2021 -872, 2022 -2,125, 2023 -369, 2024 -353, 2025 +961, 2026 +999",825 condors,T4,no single year significant,YES,"Sign flips by regime: 2021-24 negative, 2025-26 positive. The sealed holdout window is a favourable short-vol regime, so a short-premium arm passing it is not proof of edge. Search must require per-year stability, not just a holdout pass."
BF-003,data/captures/2026-10-06-t1-s2-tail/README.md (T1 + T1b),2026-10-06,"Touch-buffer exits $0..$25, SL100, close-10m-before on the A0 shape (13:30)","bad days (<=-0.5R/condor) 95 -> 11 ($10) -> 0 ($20); gross mean R best A3 $10 +0.0135/condor; est. net only A3 +$801 and A6 $7.50 +$66 positive; $20/$25 net -$1,817/-$3,286","825 condors per arm, 2021-10..2026-10",T4,fees ignored by the tail rule; exits invisible after ~15:45 (latest touch 3:43pm); 09-30 max loss on every arm <=$15,YES (as tail evidence),Exits reshape the tail; they do not create net edge. Touch $20 closes 90% of days = intraday scratch with ~2x fee load.
BF-004,data/captures/2026-10-06-t2-strike-distance/A3-t10.csv (window split recomputed 2026-10-06),2026-10-06,"A3 .10d + Touch $10 split by window, net of $3.16/txn","net R per condor: selection +0.0094 (t +1.26); holdout -0.0081 (t -0.75); full +0.0028 (t +0.45). Net $ 2025 -202, 2026 -919",825 condors,T4,T2 analysis: holdout keeps 10% of control mean (fails TAIL return guard),NO as an edge (tail value only),The T1 'winner' loses money net in the holdout window. Not an edge candidate.
BF-005,data/captures/2026-10-06-t1-s2-tail/README.md (T1b B0-B4),2026-10-06,"SPX .10d IC at 11:00 (PR-01 shape), ride and touch $5-$20","B0 ride +0.0025 R/condor gross, $926 gross, est. net -$1,839, 117 bad days, max DD 15.63R; every touch arm fails the 80% return floor; B2-B4 gross negative","875 condors per arm, 2021-10..2026-10",T4,same backtester limits as BF-001,YES,11:00 SPX IC is dead as a base shape. Drop from the search scope unless a new entry gate is the variable.
BF-006,data/captures/2026-10-06-t2-strike-distance/02-analysis.md + D15-ride.csv/D15-t10.csv (net split recomputed 2026-10-06),2026-10-06,"SPX IC 13:30 at .15d shorts, ride and Touch $10","D15-ride gross +0.0123 R/condor but CREATED 58 bad days; net selection -0.0188 (t -0.86), holdout +0.0427 (t +1.72). D15-t10 gross +0.0188; net full +0.0044 (t +0.85), selection +0.0071, holdout 0.0000",825 condors each,T4,"D15-t10 = tail-rule selection winner, fails holdout return guard (63%)",YES,Wider credit buys income only in the 2025-26 regime. D15-t10 nets ~zero in holdout. No net edge.
BF-007,data/captures/2026-10-06-t2-strike-distance/02-analysis.md + D05/D07 CSVs (net recomputed 2026-10-06),2026-10-06,"SPX IC 13:30 at .05d and .07d shorts, ride and Touch $10","net R per condor full window: D05-ride -0.0072, D05-t10 -0.0035, D07-ride -0.0094, D07-t10 -0.0086 (all t between -0.6 and -1.3). D05-t10 = only arm passing the tail rule in both windows; its holdout net +0.0119 (t +2.00) but selection net -0.0127",823-826 condors,T4,D05 arms miss 2025-07-21/25; extra 2026-04-09 row (pairing on shared dates),YES,"Far-OTM thin credit is net negative; fees ($3.16/txn) exceed gross. Tail fix at best, not edge."
BF-008,data/captures/2026-10-06-t2-strike-distance/02-analysis.md (fee table) + 01-raw-capture.txt,2026-10-06,OA fee estimate for 1-lot SPX IC,"$3.16 per transaction (open or close), re-derived on 5 arms; fees exceed gross P/L on 5 of 8 T2 arms; A0 avg credit $61/condor so one round trip = 5-10% of credit",8 arms,T1-grade platform constant (rendered insight),"OA estimate, not broker fills",YES,Any thin-credit 0DTE arm must clear ~0.007-0.014 R per condor in fees before it is an edge. The edge search needs its own fee ruling (TAIL-FEES-IGNORED covers bad-day work only).
BF-009,data/captures/2026-10-06-t2-strike-distance/A0-ride.csv (weekday audit 2026-10-06),2026-10-06,Does the '5Y' 0DTE window really have daily expiries back to 2021?,"pre-2022-05-16 A0 positions by weekday: Mon 17, Tue 1, Wed 20, Thu 2, Fri 18 (MWF only); 2021 = 31 positions","A0, 2021-10..2022-05",T1 (direct read of the export),none,YES,The first ~7 months of the selection window are MWF-only. Selection-window n is thinner and day-of-week skewed there; report it.
BF-010,data/captures/2026-10-06-loss-packet-20260827-s2-130pm/README.md + 06-facts.md,2026-10-06,Live vs backtest entry semantics on 2026-08-27,live scanners re-evaluated the Change% gate every minute and opened at 13:46; the backtest's one-shot 13:30 entry produced NO row that day in any of 11 tests,1 day,T1 (verbatim bot log),single day,YES,Backtest entries are one-shot; live scanners retry. Live trade sets can differ from backtest ones. Any edge candidate's live clone must use the backtest's entry semantics or the comparison is broken.
BF-011,data/captures/2026-10-06-loss-packet-20260826-s2-130pm/README.md + 07-debrief.md,2026-10-06,"Backtest-to-live strike replication, 2026-08-26","all 11 backtest arms chose the live strikes exactly (7650/7655 P, 7690/7695 C); live StrikeTouch fired on a +$0.73 breach that expired OTM at 16:00 (P/L -$1,650 call leg)",1 day,T1,5-min tape only (1-min retention ~20 days),YES,"Strike selection replicates. Execution divergence comes from exits and entry timing, not strikes."
BF-012,data/captures/2026-09-17-p1-stage1/standalone-S1-0.csv; 02-stage1-metrics.md,2026-09-17,"QQQ 0DTE IC 0.75% OTM $2 wings 13:30, Change% +/-0.75, mid>=0.08, ride (S1-0 = GF primary)","+0.0367 R per IC position gross (t +1.80), $2,030, PF 1.37; window split recomputed 2026-10-06: selection +0.0018 (t +0.07, n 233), holdout +0.1045 (t +3.20, n 120)","353 positions, 2021-09-29..2026-08-28",T4,QQQ fees NOT rendered in the capture; gross $5.75/position on $29 avg credit (breakeven fee ~$5.75 per transaction),YES,"Same regime flip as SPX: zero edge 2021-24, strong 2025-26. QQQ fee constant must be captured before any net verdict."
BF-013,docs/gf-exit-spread-verification-2026-09-17.md; data/captures/2026-09-17-gf-exit-spread/02-gf-exit-spread-metrics.md,2026-09-17,"GF exit mechanics vs ride on S1-0: SL100, SL200, PT50, Touch0, Canary PT5","paired mean diff vs ride, R per IC position: -0.0044 / +0.0015 / +0.0026 / -0.0049 / -0.0190; spread 0.0215 R; every 95% CI includes 0; per-arm MDE 0.019-0.057 R",353 paired days,T4,GF-Trail inexpressible in backtester,YES,"Exit mechanics are not a detectable edge lever on this structure (n to detect = thousands). Search on entry/structure/regime, not exits (matches R-2026-09-17-HEDGE-PROGRAM-DISPOSITION (C))."
BF-014,data/captures/2026-09-17-gf-exit-spread/standalone-GF-Canary.csv (recomputed 2026-10-06),2026-09-17,Canary (PT 5% of credit) gross significance,"+0.0177 R per position gross, t +4.85; $900 = $2.55 per position on 2 transactions",353 positions,T4,GROSS ONLY - fees unrendered; any fee > ~$1.28/txn erases it,NO as edge,Gross t-stats on thin credit are misleading. Every edge score must be net.
BF-015,data/captures/2026-09-17-p1-stage1/standalone-S1-c.csv; docs/phase1-stage1-verification-2026-09-17.md,2026-09-17,"Unconditional QQQ 0DTE long put spread at 14:00 (0.75% OTM short, $2 wide), every day","-0.2047 R per debit-spread position (t -2.28), -$6,110, 16.4% win rate; selection -0.1945, holdout -0.2217 (recomputed)","1,109 positions, 2021-09..2026-08",T4,none material,YES,Unconditional afternoon long premium is reliably negative. Any long-premium edge must come from a gate.
BF-016,docs/phase1-stage1-verification-2026-09-17.md (AMENDED a) + data/captures/2026-09-17-p1-stage1/combined-S1-H.csv,2026-09-17,S1-0 + gated put overlay combined (S1-H),"paired diff vs S1-0 -0.0284 R per condor-day, 95% CI [-0.0613, +0.0044]; 21 overlay rows silently dropped by combine (+$580)",353 condor-days,T4,combined exports are results not censuses; drops possibly non-random (Welch t +1.82),YES,Never rank off combined exports without reconciling to standalones.
BF-017,docs/phase1-stage1-verification-2026-09-17.md section 4,2026-09-17,Claim 'nothing held to settlement has ever lost' (hedge-design-spec 2.1) vs 5y ride,"S1-0: 53 of 353 positions lost (15.0%), -$5,438, worst -$266",353 positions,T4,-,YES (claim falsified),Small live samples overstate safety; ~27-day live claims cannot seed the search.
BF-018,docs/gf-exit-spread-verification-2026-09-17.md section 7,2026-09-17,Diagnosis that live GF-QQQ-IC-Touch0 touch exit was not firing (0 of 27 vs 19.5% backtest rate),P(0 fires in 27 | armed) = 0.28%,27 live opens,T4/T2 inference,"superseded: live Touch0 fired 2026-09-18 (Trades list 'Touch: OTM -$0.13', cited in R-2026-10-06-TAIL-SCORING-RULE source)",NO - STALE,None for edge. Kept so nobody re-raises it.
BF-019,data/captures/2026-09-17-oa-combo-semantics/README.md,2026-09-17,OA Combine 'Only open B if A is open' semantics and caps,'open' = concurrent presence at B's entry minute (240/9 day partition); caps default to N and change results; malformed rules silently ignored,249-day fixture,T1 (direct UI),"tooling, not a strategy",YES,"Combine can express presence gates only, never P/L-conditional entries. Pin caps in every combined arm."
BF-020,data/captures/2026-09-16-oa-backtester/02-second-position-expressivity-2026-09-16.md; data/captures/2026-09-16-oa-compare/README.md,2026-09-16,Backtester expressivity,8 single structures only; 7 exit pickers (no trailing); entry filters on underlying/market only; Compare/Combine up to 7 tests; per-position CSV export works,-,T1 (direct UI),Test Period picker 1/2/3/5y + Custom; how far Custom reaches was not tested,YES,Defines the search space: single-structure arms with market-state gates. Multi-leg / conditional structures need another engine.
BF-021,docs/experiments/oa-rpc-test-2026-09-15/summary.md,2026-09-15,QQQ 0DTE short put spread 13:30 base vs PT50 vs Touch $0 (RPC verification fixture),"BASE -$150 (63 trades), PT50 -$173, TOUCH +$155; touch closes stamped 14:06-15:58","63 trades, ~3 months","T4, tiny n",the RPC path is NOT authorized (OA authorization 2026-09-16 excludes it); n far below any gate,NO as evidence,No edge information. Note the observed 15:54-15:58 touch closes conflict with T1's '~15:45 exit cutoff' (BF-003) - verify the cutoff per underlying before relying on it.
BF-022,docs/hedge-design-spec-2026-09-16.md section 2; docs/hedge-north-star.md,2026-09-16,Loss autopsy of the post-cutover live ledger,75% of losers take their worst tick after 14:00 vs 32% of winners; 89% of loss dollars have MAE in 14:00-15:30; 40% of losers close within 5 min of their own MAE,"~35 losing positions, live paper since 2026-08-10","T2 paper, small n",narrative doc; numbers from data/trades.csv per the spec; not re-derived this session,PARTLY (clock pattern unconfirmed at scale; 'nothing expired lost' falsified by BF-017),"Suggests afternoon risk concentration for 0DTE short premium. A testable search axis: entry time and DTE, not exits."
BF-023,STATUS.md (generated 2026-10-06 from data/trades.csv),2026-10-06,Live paper ledger since LEDGER_START 2026-08-10,"total closed P/L +$5,063 over 508 legs / 18 bots; champion IC-SPX-FastPT25-S2 -$1,310 (38 positions); IC-SPX-FastPT25-S2-130PM +$3,815 (36 positions)",~41 trading days,T2 paper,no bot near a sample target; raw $ not R,YES (as state),Live paper has no demonstrated edge; consistent with the backtests' ~zero net.
BF-024,STATUS.md 'Hedge tournament' (data/hedge_tournament.csv),2026-10-06,"Live-ledger counterfactual exits, status=expired population","actual Exp(R) +5.1% per leg, n 58, 100% win rate",58 expired legs,T2 counterfactual,"population is selected on survival (expired = never stopped); per leg, not per condor",NO as edge evidence,Do not read a survivor-selected subset as an edge.
BF-025,docs/ic-trailing-stop-backtest.md,2026-07-07,Queued PT25 vs trailing SmartStop IC batch and its motivating claims,cites v1 tournament ride +7.3% vs cut +2.0% Exp(R) and OA Hindsight 82.77% of closes worse than holding; never run,-,T5 (premise falsified banner 2026-07-30),pre-denominator-fix condor Exp(R) (flattered); trailing stop proven inexpressible in the backtester (BF-020); 'OA backtester 2013->now' not verified,NO - DEAD,"Nothing to inherit except the arm-design idea, already superseded by BF-013."
BF-026,docs/oo-trial-backtests.md,2026-06,OptionOmega defang + reclaim re-entry plumbing tests,"no result - QUEUED, never run",-,T5,-,N/A,Open lead only if a second engine is adopted for multi-leg/conditional structures.
BF-027,~/bot-fleet/docs/_archive/bot-configs.md; history-index -> independent-audit-2026-07-27.md,pre-2026-06,v1 champion Scalp SPX 0DTE IC 11:00 PT25+S2 backtest,"95.3% win rate, MAR 2.1, 3,747 trades, 'walk-forward PASSED' - NO R UNIT",window/costs undocumented,T5 (audit: undocumented),no unit; no window; no costs; walk-forward order unknown; live paper WR 43-57%,NO - DEAD,The '95.3%->57% scar': never accept a win-rate headline or an undocumented walk-forward.
BF-028,~/bot-fleet/docs/_archive/bot-configs.md,pre-2026-06,v1 Fortress SPX IC 1:30pm no-PT S2 backtest,"91.2% win rate, 611 trades, walk-forward marginal (-$205 OOS) - NO R UNIT",611 trades,T5,win rate only; OOS negative in $,NO - DEAD,The 1:30 IC already looked marginal out of sample in v1 - consistent with BF-001/002.
BF-029,~/bot-fleet/docs/_archive/bot-configs.md,pre-2026-06,v1 'combined arsenal' claim,"Sharpe 1.4, MAR 2.8, ~$100K/yr at 10 contracts",-,T5,"no source CSV, no method",NO - DEAD,None.
BF-030,~/bot-fleet/docs/hedge-research.md; docs/research-roadmap.md A2,pre-2026-06,v1 S2 strike-touch close-all backtest validation,"'964 trades, zero false positives' - no artifact",964 trades (claimed),T5,no CSV/window; production validation never closed,NO - UNVERIFIED,"Cannot be cited. If S2 matters, re-test it."
BF-031,~/bot-fleet/docs/_archive/gap-day-ic.md,2026-06-23,"SPX 0DTE IC 9:45, 1.5% OTM, $25 wings, hold; gap-% gates vs control","control +0.3% R per IC (PF 1.06, n 920); gap up >=0.5/0.75/1.0/1.5%: -0.5/-0.7/-1.2/-10.6% R per IC; gap down <=-1%: -0.7%","5Y OA, n 920 / 120 / 58 / 33 / 9 / 27",T4,gross; small n on gap cells,YES,"Another short-vol base near zero gross. Gap days are a NO-GO filter for IC, not an edge."
BF-032,~/bot-fleet/docs/session-log.md 2026-06-23/24; docs/lean-backtesting-reference.md,2026-06-24,LEAN vs OA calibration on the gap-IC control,"LEAN 707 ICs, 92.1% win rate, +1.31% R per IC vs OA +0.3% (LEAN ~4x hot); LEAN quote filter skipped ~24% of days",full window,T4 tooling,-,YES,LEAN results are relative-only; absolute economics come from OA or paper.
BF-033,~/bot-fleet/docs/research-roadmap.md C1; data/regime_coverage.md,2026-06-24,C1: does morning ATM IV predict whether SPX holds 0.75% OTM strikes (LEAN),calmest 20% by ATM IV: strikes HELD 96% / stayed within 0.75% 81% vs base 69%/41%; top ~30%: HELD ~40%; every gate beat random-day null p 0.000,"956 days, 2022-05-02..2026-06-18","T4 (price-vs-strike study, not P&L)",in-sample only; middle-band figures interpolated; partly vol persistence,YES (as hypothesis),Strongest structural regime signal on file. Never tested as a P&L gate on the IC. Natural edge-search arm: IV/VIX-gated IC.
BF-034,~/bot-fleet/docs/pivot-vwap-research.md 4.3-4.4,2026-06-10,Pivot width and 5-day ATR as range predictors; ATR gate for the 0.75% IC,"range corr: pivot width +0.30, ATR5 +0.35; ATR<0.9% -> 53% clean days vs 23%; only 36% of days stay inside +/-0.75%","173 sessions, daily","T4 (daily proxy, not P&L)","clean-day proxy, not option P&L",YES (as input),ATR/IV level is the usable pre-open regime input; pivots add nothing beyond it.
BF-035,"~/bot-fleet/docs/pivot-vwap-research.md 4.1-4.2, 4.5",2026-06/07,Pivot level-respect; 'Actionable Levels' newsletter,not supported vs same-density random null; newsletter levels unfalsifiable (3 sessions),53 sessions daily; 3 sessions,T5,daily close basis only,NO - DEAD,Drop level-based entries from the scope.
BF-036,~/bot-fleet/docs/_archive/directional-research.md Results 1-3,2026-06-15,"SPX 0DTE long ATM call spread +$15, 10:00, PT100/SL50: gap %, Change SD up, Change SD down gates",control +1.6% R per position (bull drift); gap% non-monotonic noise; Change SD up >=0.5/1.0/1.5: -0.9/-4.6/-20.5%; dip-buying no edge,"2Y window, n 13-111 per gate",T4,2Y only; small n,YES,Momentum continuation and dip-buying are dead for 0DTE calls.
BF-037,docs/directional-oa-build-sheet.md Batch 1-2 (v2 copy of v1),2026-06-24/25,"SPX 0DTE long put spread ATM/-$15, 11:00, PT100/SL50, VIX gate; then calls vs puts on the same gate","R per position: control -1.3%; VIX>=18 +1.8%; >=20 +2.1%; >=22 +3.8% (n 280); calls on VIX>=22 -1.9%, VIX>=20 -1.6%","5Y, n 1159 / 280 / 389",T4,"narrative doc, no CSV in v2 or v1 repo; 2022 = 63% of trades / 77% of P/L",PARTLY,Downside asymmetry on high-VIX days is the put track's whole thesis; it is 2022-heavy.
BF-038,docs/directional-oa-build-sheet.md Batch 3 + clean re-run,2026-06-25,"Put track exit sweep (VIX>=22, PT100, SL 40/50/75/90/none)","R per position: SL40 +0.7%, SL50 +4.0%, none +7.0%, SL90 +8.6%, SL75 +9.2% (PF 1.23)","n 280 each, 5Y",T4,in-sample; same days every arm; no CSV,PARTLY,Chosen exit is an in-sample optimum. Count it in the trial ledger.
BF-039,docs/directional-oa-build-sheet.md Batch 4 pass 1-2,2026-06-25,Put track gate discovery vs VIX>=22,"R per position: VIXchg%>0 -0.9%, >5 -2.4%, IVR>=50 +5.9%, ChangeSD>=1 -0.9%, ADX>=20 -0.1%, ADX>=25 -5.2%; 6 gates, 0 survivors","n 111-725, 5Y",T4,in-sample,YES,VIX level beats every other single gate tried for puts. Do not re-run these six.
BF-040,"docs/directional-oa-build-sheet.md Batch 7, 9",2026-06-25,Put track OR-break entry and entry-time sweep,"OR-15 down -0.3%, OR-30 down +1.2% vs 11:00 +7.0% R per position; entry 9:50 -4.2%, 11:00 +9.1%, 12:30 -3.4%, 13:30 +1.7%, 14:00 -1.0%","n 206-286, 5Y",T4,sharp single-point peak at 11:00,YES (as caution),A non-smooth surface (+9.1% flanked by negatives) is an overfitting signature. Treat the 11:00 put optimum as fragile.
BF-041,docs/directional-oa-build-sheet.md 'OOS HOLDOUT RESULT',2026-07-04,"Put champion (VIX>=22, PT100, SL75, 11:00) out-of-sample vs no-gate control","gated +6.4% R per position, PF 1.15, +$2,974, n 76, worst -$585; control -3.0%, n 616","doc states '~Jul 2024->now, 2Y preset'",T4 (holdout overlapped the 5Y selection window of every earlier batch),no significance test; n 76 < 100 floor; profit lumpy; no CSV,PARTLY - UNVERIFIED,Weak lead. Needs a properly sealed holdout and a significance test. Live DIR-SPX-PutVIX22-SL75: no post-cutover fills (R-2026-09-07-DIR-BOTS-LEAVE-TO-CHECKPOINT).
BF-042,"docs/directional-oa-build-sheet.md Batch 6, 6b",2026-06-25,"SPX 0DTE long ATM call spread +$15, 11:00, PT100/SL75: VIX Change% gates","R per position: control -1.2% (n 1,159); VIXchg% < -2 +15.2% PF 1.42 n 337 (null p 0.000); < -4 +10.3% n 174; VIX<=16 & < -2 +21.5% n 88; level caps fail null (p 0.064-0.234)",5Y,T4,in-sample; no CSV,PARTLY,The call gate is the only v1 gate with a reported null test. See BF-043.
BF-043,"docs/directional-oa-build-sheet.md Batch 6c, 6d + OOS check; v1 docs/session-log.md 2026-06-25",2026-06-25,"Call champion: VIXchg% < -2, SL50, no PT (ride), 11:00 - the '$42.1K' lead","+21.9% R per position, PF 1.63, +$42,122, max DD -$3,213, n 337; split at 2024-01-01: IS +24.8% (n 163) / 'OOS' +19.1% (n 174); positive every year 2021-26 (doc)",5Y to ~2026-06-25,T4 (the 2024+ split was computed after exits were chosen on the full window - not a sealed holdout),"~25 arms across call+put series (trial count); VIX Change% evaluation time unverified - OA-1111 documents Change% = prior close->entry for the UNDERLYING only, VIX Change% is docs-silent: lookahead risk; doc notes '100% of wins are up days' (consistent with edge OR lookahead); no CSV in v1/v2; live PR-06 n 11: -0.139 R per position, 95% CI [-0.56, +0.28] (data/trades.csv, computed 2026-10-06)",UNVERIFIED - strongest lead,"Top lead. Before any re-test: (1) verify VIX Change% is entry-time; (2) re-run on a holdout sealed before selection; (3) deflate for trial count. Live T-35 checkpoint condition (Exp(R)<0 at n=10) appears met - first-10 -0.100 R - T-35 is Andy's item, not this arm's."
BF-044,docs/directional-oa-build-sheet.md Analysis A,2026-06-25,"Losing-day forensic, put VIX>=22 (Batch 1-D CSV)","178 stop-losses: 99% on days SPX rallied open->close (+0.43%); 102 winners: 100% down days; median R -50.8%, mean +4.0%",280 positions,T4,CSV not retained in either repo,YES,"The debit tracks are pure direction bets; their edge, if any, is the gate's directional hit rate."
BF-045,"~/bot-fleet/docs/oa-mirror-reference.md (ORB 60m, BWB)",2026-04/05,Author/third-party OA backtests of mirrored bots,"ORB 60m: 601 trades +$23,387 PF 1.44 backtest -> live avg P/L $19 vs $39 (~50% degradation), paper EV ~-$137/trade, killed; BWB: 96 trades, stop costs $1,792 to save ~$290 DD",author windows,T5 (external),author-disclosed; not reproduced,PARTLY,External backtests degrade ~50% live. Haircut any backtest edge accordingly.
BF-046,~/bot-fleet/docs/oa-mirror-reference.md; docs/mirror-funding-memo-2026-08-05.md,2026-04 / 2026-08-05,"OA leaderboard live stats of mirrors (e.g. QQQ long call $346.78K, Trendy $222.59K)","leaderboard P/L, win rate and PF only - NO R UNIT; v2 memo: zero of ten mirrors clears the evidence bar",community live,"T5 (external, unreconciled)",no unit; survivorship; operator skill,NO as evidence,Mirrors are not an edge source for this arm.
BF-047,~/bot-fleet/docs/hedge-research.md 5.1 (v2 copy),2026-07-28,v1 QQQ hedge tournament on live data,"Exp(R) S3 -0.0029, S2 -0.0095, no-hedge -0.0211, S1 -0.0260, Conditional -0.0308",v1 live,INVALIDATED,duplicate arms; mixed execution classes; no Range075; pre-2026-07-31 denominator (flattered); unit 'Exp(R)' without per-leg/condor label,NO - DEAD,Only use: every v1 QQQ IC arm was negative including no hedge.
BF-048,~/bot-fleet/docs/current-state.md; docs/backlog.md COCKPIT LANE,2026-07-03,v1 free hedge tournament + OA Hindsight,champion ride +7.3% vs SL75 +2.0% Exp(R); QQQ-Fortress ride -8.3% vs SL75 +2.7%; Hindsight 82.77% of closes worse than holding (held +$12.8K vs actual -$7.7K),expired-leg subset n 148,T5,pre-denominator-fix (flattered); contaminated v1 cohort (dead exit engine); no unit label; Hindsight is an OA tool readout with no CSV,NO - DEAD,Do not cite. Superseded by BF-013.
BF-049,~/bot-fleet/docs/hedge-research.md section 4 (v2 copy),2026-06-10,v1 champion live diagnostic,"326 legs, -$27,890; 0.75% OTM short touched on ~40% of legs; avg loss $213 > avg win $118 per leg",v1 live,T5 (archive-era),v1 cohort ran ride+S2 not its declared config,PARTLY,"Consistent message across eras: the short-strike touch rate, i.e. entry/strike distance, drives IC losses."
BF-050,~/bot-fleet/docs/reversal-fingerprint-probe.md,2026-07-07,"QQQ 5m reversal fingerprint (candle-run, VWAP extension)","candle-run: hit 47% vs 48% base (no edge); >=2 sigma VWAP extension: MFE/MAE 1.15, P(fav >=0.25%) 48%, n 234","25 days, 1,800 bars",T4 (no option P&L),tiny window; no costs; not options,"NO as edge (weak, untested)",Out of scope for an OA-expressible search.
BF-051,~/bot-fleet/docs/_archive/directional-strategy-survey.md; v1 session-log 2026-06-16,2026-06-16,"External: GEX vs VIX (FlashAlpha), ORB/intraday momentum literature",GEX->next-day RV corr -0.36 raw -> -0.03 after VIX control (p 0.78); SPY intraday-momentum paper failed replication with real bid/ask,external,T5 (external),not reproduced,YES (as negative prior),GEX and intraday momentum stay out of the scope.
BF-052,docs/backtest-ingest-protocol.md 'Window policy',2026-06-25,Claim: 'a true 5yr 0DTE backtest does not exist - SPX daily 0DTE began ~May 2022',partly wrong: OA 5Y windows contain 2021-10..2022-05 rows on MWF expiries (BF-009),-,T1 correction by data,-,PARTLY,Keep the warning; the window is 5Y but daily only from mid-2022.
BF-053,data/captures/2026-10-06-t2-strike-distance/03-cowork-tail-winside-score.md,2026-10-06,"Win-side cost of fixed Touch $10 exits vs A0 ride, both windows (scripts/tail_score.py)","selection: A3 flips 151 winners to losers ($14,808 given up) vs $21,731 saved on bad days; holdout: A3 flips 90 ($10,502) vs $8,721 saved, keeps 10% of control mean R; D15-t10 holdout flips 146 ($13,416) vs $11,588 saved; D05-t10 holdout flips 22 ($2,772) vs $11,150 saved",515 / 310 paired condor-days,T4,gross (TAIL-FEES-IGNORED); file sits outside the bundle's SHA256SUMS,YES,A fixed touch exit buys the tail with winners; in the 2025+ regime the trade is net-negative at .10/.15 delta. Motivates the handoff 5b conditional 'touch decision' study rather than any fixed exit.
BF-054,data/loss_register.csv (loss-day program; read-only input),2026-10-06,Live loss days on IC-SPX-FastPT25-S2-130PM: what price did after the touch,"4 register rows: 08-26 and 08-27 reverted after the touch exit (both legs would have expired OTM; 08-26 ride +$550-600 vs -$1,500 realised); 09-18 and 09-30 continued (09-30 -$4,400, late breach after the last 15:55 monitor run)","4 days, live paper","T2 paper, n=4",owned by the loss-day chat; not re-derived here,YES (as anecdote),"Reverted vs continued splits 2-2: no fixed exit can be right on both. Whether OA-visible signals at touch time predict the split is the 5b study's step 1 - an untested question, not a prior finding."
