bot,pillar,underlying,role,status,n_trades,n_legs,total_pnl,win_rate_trade,win_rate_leg,first_trade,last_trade,epoch_start,needs_strike_fix,superseded
IC-SPX-FastPT25-S2,IC,SPX,live-candidate,ON,38,48,-1310,42%,52%,2026-08-10,2026-10-05,2026-06-08,,
GF-QQQ-IC-Trail,IC,QQQ,experiment,ON,29,38,-1101,83%,82%,2026-08-14,2026-10-06,2026-08-10,,
DIR-SPX-CallVIXdrop,Directional,SPX,experiment,ON,11,11,-1055,36%,36%,2026-08-12,2026-10-02,2026-06-25,,
GF-QQQ-IC-SL200,IC,QQQ,experiment,ON,27,34,-818,70%,71%,2026-08-14,2026-10-06,2026-08-10,,
GF-QQQ-IC-PT50,IC,QQQ,experiment,ON,28,36,-708,86%,86%,2026-08-14,2026-10-06,2026-08-10,,
GF-QQQ-IC-SL100,IC,QQQ,experiment,ON,30,36,-277,63%,64%,2026-08-14,2026-10-06,2026-08-10,,
GF-QQQ-IC-Canary,IC,QQQ,instrument,ON,30,44,-150,87%,91%,2026-08-14,2026-10-06,2026-08-10,,
QQQ-IC-0DTE-Fortress-NoPT50,IC,QQQ,experiment,ON,6,9,78,67%,56%,2026-08-26,2026-10-01,2026-06-12,Y,
GF-QQQ-IC-Ride-Delta,IC,QQQ,experiment,OFF,15,18,91,93%,94%,2026-08-14,2026-08-31,2026-08-10,,
Trendy-Paper-v1,OA-Mirror,,mirror-watch,ON,8,8,344,100%,100%,2026-08-11,2026-09-22,,,
60min-ORB-10W-Paper-v1,OA-Mirror,SPX,mirror-watch,ON,15,15,360,87%,87%,2026-08-10,2026-09-30,,,
3DTE $140-$350,OA-Mirror,SPX,mirror-watch,ON,15,15,630,100%,100%,2026-08-10,2026-10-02,,,
GF-QQQ-IC-Ride,IC,QQQ,control,ON,29,40,641,86%,82%,2026-08-14,2026-10-06,2026-08-10,,
IC-SPX-Fortress-Unstopped,IC,SPX,control,ON,5,8,800,100%,100%,2026-08-28,2026-10-02,2026-07-03,,
Nigiri-Paper-v1,OA-Mirror,,mirror-watch,ON,26,26,1020,92%,92%,2026-08-10,2026-10-05,,,
GF-QQQ-IC-Touch0,IC,QQQ,experiment,ON,30,43,1343,83%,81%,2026-08-14,2026-10-06,2026-08-10,,
Friday 14 DTE Broken Wing IB (B-70),OA-Mirror,,mirror-watch,ON,7,7,1360,100%,100%,2026-08-14,2026-10-02,,,
IC-SPX-FastPT25-S2-130PM,IC,SPX,experiment,ON,36,72,3815,83%,92%,2026-08-10,2026-10-06,,,
