window_start,window_end,date,bot,trade_id,rule,severity,axis,tier,observed,threshold,detail,verify_by
2026-08-10,2026-10-06,2026-08-31,IC-SPX-FastPT25-S2,,EXPIRY_RATIO_FLIP,RED,MECHANICS,S,40% expired over the last 10 vs 0% over the prior 15,jump >= 40% from a baseline <= 25%,first expiry of the onset window: 2026-08-31 (T01079); tripped on the position opened 2026-09-10. Positions stopped CLOSING and started EXPIRING — the signature of an exit that no longer generates orders,the Trades list of T01079 (2026-08-31): is there an exit order at all?
2026-08-10,2026-10-06,,GF-QQQ-IC-Canary,,DUPLICATE_ARM,AMBER,FIRE,S,5 positions identical to GF-QQQ-IC-Trail,< 5,'GF-QQQ-IC-Canary' and 'GF-QQQ-IC-Trail' produced identical P/L at an identical entry minute 5 times — they are not independent arms and cannot be ranked against each other,a capture-diff of the two bots' automation trees
2026-08-10,2026-10-06,,GF-QQQ-IC-PT50,,DUPLICATE_ARM,AMBER,FIRE,S,6 positions identical to GF-QQQ-IC-Ride,< 5,'GF-QQQ-IC-PT50' and 'GF-QQQ-IC-Ride' produced identical P/L at an identical entry minute 6 times — they are not independent arms and cannot be ranked against each other,a capture-diff of the two bots' automation trees
2026-08-10,2026-10-06,,GF-QQQ-IC-PT50,,DUPLICATE_ARM,AMBER,FIRE,S,5 positions identical to GF-QQQ-IC-Touch0,< 5,'GF-QQQ-IC-PT50' and 'GF-QQQ-IC-Touch0' produced identical P/L at an identical entry minute 5 times — they are not independent arms and cannot be ranked against each other,a capture-diff of the two bots' automation trees
2026-08-10,2026-10-06,,GF-QQQ-IC-Ride,,DUPLICATE_ARM,AMBER,FIRE,S,38 positions identical to GF-QQQ-IC-Touch0,< 5,'GF-QQQ-IC-Ride' and 'GF-QQQ-IC-Touch0' produced identical P/L at an identical entry minute 38 times — they are not independent arms and cannot be ranked against each other,a capture-diff of the two bots' automation trees
2026-08-10,2026-10-06,,GF-QQQ-IC-Ride,,DUPLICATE_ARM,AMBER,FIRE,S,27 positions identical to GF-QQQ-IC-SL200,< 5,'GF-QQQ-IC-Ride' and 'GF-QQQ-IC-SL200' produced identical P/L at an identical entry minute 27 times — they are not independent arms and cannot be ranked against each other,a capture-diff of the two bots' automation trees
2026-08-10,2026-10-06,,GF-QQQ-IC-Ride,,DUPLICATE_ARM,AMBER,FIRE,S,24 positions identical to GF-QQQ-IC-SL100,< 5,'GF-QQQ-IC-Ride' and 'GF-QQQ-IC-SL100' produced identical P/L at an identical entry minute 24 times — they are not independent arms and cannot be ranked against each other,a capture-diff of the two bots' automation trees
2026-08-10,2026-10-06,,GF-QQQ-IC-Ride,,DUPLICATE_ARM,AMBER,FIRE,S,10 positions identical to GF-QQQ-IC-Trail,< 5,'GF-QQQ-IC-Ride' and 'GF-QQQ-IC-Trail' produced identical P/L at an identical entry minute 10 times — they are not independent arms and cannot be ranked against each other,a capture-diff of the two bots' automation trees
2026-08-10,2026-10-06,,GF-QQQ-IC-Ride,,DUPLICATE_ARM,AMBER,FIRE,S,9 positions identical to GF-QQQ-IC-Ride-Delta,< 5,'GF-QQQ-IC-Ride' and 'GF-QQQ-IC-Ride-Delta' produced identical P/L at an identical entry minute 9 times — they are not independent arms and cannot be ranked against each other,a capture-diff of the two bots' automation trees
2026-08-10,2026-10-06,,GF-QQQ-IC-Ride-Delta,,DUPLICATE_ARM,AMBER,FIRE,S,9 positions identical to GF-QQQ-IC-Touch0,< 5,'GF-QQQ-IC-Ride-Delta' and 'GF-QQQ-IC-Touch0' produced identical P/L at an identical entry minute 9 times — they are not independent arms and cannot be ranked against each other,a capture-diff of the two bots' automation trees
2026-08-10,2026-10-06,,GF-QQQ-IC-Ride-Delta,,DUPLICATE_ARM,AMBER,FIRE,S,7 positions identical to GF-QQQ-IC-SL100,< 5,'GF-QQQ-IC-Ride-Delta' and 'GF-QQQ-IC-SL100' produced identical P/L at an identical entry minute 7 times — they are not independent arms and cannot be ranked against each other,a capture-diff of the two bots' automation trees
2026-08-10,2026-10-06,,GF-QQQ-IC-Ride-Delta,,DUPLICATE_ARM,AMBER,FIRE,S,7 positions identical to GF-QQQ-IC-SL200,< 5,'GF-QQQ-IC-Ride-Delta' and 'GF-QQQ-IC-SL200' produced identical P/L at an identical entry minute 7 times — they are not independent arms and cannot be ranked against each other,a capture-diff of the two bots' automation trees
2026-08-10,2026-10-06,,GF-QQQ-IC-SL100,,DUPLICATE_ARM,AMBER,FIRE,S,25 positions identical to GF-QQQ-IC-SL200,< 5,'GF-QQQ-IC-SL100' and 'GF-QQQ-IC-SL200' produced identical P/L at an identical entry minute 25 times — they are not independent arms and cannot be ranked against each other,a capture-diff of the two bots' automation trees
2026-08-10,2026-10-06,,GF-QQQ-IC-SL100,,DUPLICATE_ARM,AMBER,FIRE,S,24 positions identical to GF-QQQ-IC-Touch0,< 5,'GF-QQQ-IC-SL100' and 'GF-QQQ-IC-Touch0' produced identical P/L at an identical entry minute 24 times — they are not independent arms and cannot be ranked against each other,a capture-diff of the two bots' automation trees
2026-08-10,2026-10-06,,GF-QQQ-IC-SL100,,DUPLICATE_ARM,AMBER,FIRE,S,6 positions identical to GF-QQQ-IC-Trail,< 5,'GF-QQQ-IC-SL100' and 'GF-QQQ-IC-Trail' produced identical P/L at an identical entry minute 6 times — they are not independent arms and cannot be ranked against each other,a capture-diff of the two bots' automation trees
2026-08-10,2026-10-06,,GF-QQQ-IC-SL200,,DUPLICATE_ARM,AMBER,FIRE,S,27 positions identical to GF-QQQ-IC-Touch0,< 5,'GF-QQQ-IC-SL200' and 'GF-QQQ-IC-Touch0' produced identical P/L at an identical entry minute 27 times — they are not independent arms and cannot be ranked against each other,a capture-diff of the two bots' automation trees
2026-08-10,2026-10-06,,GF-QQQ-IC-SL200,,DUPLICATE_ARM,AMBER,FIRE,S,7 positions identical to GF-QQQ-IC-Trail,< 5,'GF-QQQ-IC-SL200' and 'GF-QQQ-IC-Trail' produced identical P/L at an identical entry minute 7 times — they are not independent arms and cannot be ranked against each other,a capture-diff of the two bots' automation trees
2026-08-10,2026-10-06,,GF-QQQ-IC-Touch0,,DUPLICATE_ARM,AMBER,FIRE,S,9 positions identical to GF-QQQ-IC-Trail,< 5,'GF-QQQ-IC-Touch0' and 'GF-QQQ-IC-Trail' produced identical P/L at an identical entry minute 9 times — they are not independent arms and cannot be ranked against each other,a capture-diff of the two bots' automation trees
2026-08-10,2026-10-06,,DIR-SPX-PutVIX22-SL75,,SILENT_BOT,AMBER,FIRE,S,0 positions in the window,"1 position, or a scanner run in the logs","correctly-gated and switched-off are indistinguishable from position data — this is unverifiable here, not a failure",OA bot logs: a scanner run recorded with no entry closes this GREEN; zero log entries closes it RED
2026-08-10,2026-10-06,2026-08-10,60min-ORB-10W-Paper-v1,T01232,CLOSED_AT_MAE,INFO,MECHANICS,S,mae_date == close_date (2026-08-10 12:38),close should not coincide with the worst mark,"the exit fired at the worst point of the position's life — expected for a stop, a finding for anything else",the Trades list: which mechanic generated the closing order
2026-08-10,2026-10-06,2026-08-19,DIR-SPX-CallVIXdrop,T01189,CLOSED_AT_MAE,INFO,MECHANICS,S,mae_date == close_date (2026-08-19 11:28),close should not coincide with the worst mark,"the exit fired at the worst point of the position's life — expected for a stop, a finding for anything else",the Trades list: which mechanic generated the closing order
2026-08-10,2026-10-06,2026-08-20,GF-QQQ-IC-SL100,T01164,CLOSED_AT_MAE,INFO,MECHANICS,S,mae_date == close_date (2026-08-20 14:04),close should not coincide with the worst mark,"the exit fired at the worst point of the position's life — expected for a stop, a finding for anything else",the Trades list: which mechanic generated the closing order
2026-08-10,2026-10-06,2026-08-20,GF-QQQ-IC-SL200,T01161,CLOSED_AT_MAE,INFO,MECHANICS,S,mae_date == close_date (2026-08-20 14:07),close should not coincide with the worst mark,"the exit fired at the worst point of the position's life — expected for a stop, a finding for anything else",the Trades list: which mechanic generated the closing order
2026-08-10,2026-10-06,2026-08-21,60min-ORB-10W-Paper-v1,T01159,CLOSED_AT_MAE,INFO,MECHANICS,S,mae_date == close_date (2026-08-21 10:57),close should not coincide with the worst mark,"the exit fired at the worst point of the position's life — expected for a stop, a finding for anything else",the Trades list: which mechanic generated the closing order
2026-08-10,2026-10-06,2026-08-21,DIR-SPX-CallVIXdrop,T01154,CLOSED_AT_MAE,INFO,MECHANICS,S,mae_date == close_date (2026-08-21 14:10),close should not coincide with the worst mark,"the exit fired at the worst point of the position's life — expected for a stop, a finding for anything else",the Trades list: which mechanic generated the closing order
2026-08-10,2026-10-06,2026-08-26,GF-QQQ-IC-SL100,T01120,CLOSED_AT_MAE,INFO,MECHANICS,S,mae_date == close_date (2026-08-26 14:48),close should not coincide with the worst mark,"the exit fired at the worst point of the position's life — expected for a stop, a finding for anything else",the Trades list: which mechanic generated the closing order
2026-08-10,2026-10-06,2026-08-26,GF-QQQ-IC-SL200,T01118,CLOSED_AT_MAE,INFO,MECHANICS,S,mae_date == close_date (2026-08-26 15:05),close should not coincide with the worst mark,"the exit fired at the worst point of the position's life — expected for a stop, a finding for anything else",the Trades list: which mechanic generated the closing order
2026-08-10,2026-10-06,2026-08-26,IC-SPX-FastPT25-S2-130PM,T01125,CLOSED_AT_MAE,INFO,MECHANICS,S,mae_date == close_date (2026-08-26 15:05),close should not coincide with the worst mark,"the exit fired at the worst point of the position's life — expected for a stop, a finding for anything else",the Trades list: which mechanic generated the closing order
2026-08-10,2026-10-06,2026-08-27,DIR-SPX-CallVIXdrop,T01111,CLOSED_AT_MAE,INFO,MECHANICS,S,mae_date == close_date (2026-08-27 14:28),close should not coincide with the worst mark,"the exit fired at the worst point of the position's life — expected for a stop, a finding for anything else",the Trades list: which mechanic generated the closing order
2026-08-10,2026-10-06,2026-08-27,IC-SPX-FastPT25-S2,T01112,CLOSED_AT_MAE,INFO,MECHANICS,S,mae_date == close_date (2026-08-27 11:03),close should not coincide with the worst mark,"the exit fired at the worst point of the position's life — expected for a stop, a finding for anything else",the Trades list: which mechanic generated the closing order
2026-08-10,2026-10-06,2026-08-27,IC-SPX-FastPT25-S2-130PM,T01110,CLOSED_AT_MAE,INFO,MECHANICS,S,mae_date == close_date (2026-08-27 14:28),close should not coincide with the worst mark,"the exit fired at the worst point of the position's life — expected for a stop, a finding for anything else",the Trades list: which mechanic generated the closing order
2026-08-10,2026-10-06,2026-08-28,GF-QQQ-IC-SL100,T01100,CLOSED_AT_MAE,INFO,MECHANICS,S,mae_date == close_date (2026-08-28 13:50),close should not coincide with the worst mark,"the exit fired at the worst point of the position's life — expected for a stop, a finding for anything else",the Trades list: which mechanic generated the closing order
2026-08-10,2026-10-06,2026-08-31,GF-QQQ-IC-SL100,T01084,CLOSED_AT_MAE,INFO,MECHANICS,S,mae_date == close_date (2026-08-31 13:51),close should not coincide with the worst mark,"the exit fired at the worst point of the position's life — expected for a stop, a finding for anything else",the Trades list: which mechanic generated the closing order
2026-08-10,2026-10-06,2026-09-02,DIR-SPX-CallVIXdrop,T01071,CLOSED_AT_MAE,INFO,MECHANICS,S,mae_date == close_date (2026-09-02 13:18),close should not coincide with the worst mark,"the exit fired at the worst point of the position's life — expected for a stop, a finding for anything else",the Trades list: which mechanic generated the closing order
2026-08-10,2026-10-06,2026-09-08,GF-QQQ-IC-SL100,T01043,CLOSED_AT_MAE,INFO,MECHANICS,S,mae_date == close_date (2026-09-08 14:49),close should not coincide with the worst mark,"the exit fired at the worst point of the position's life — expected for a stop, a finding for anything else",the Trades list: which mechanic generated the closing order
2026-08-10,2026-10-06,2026-09-08,GF-QQQ-IC-SL200,T01042,CLOSED_AT_MAE,INFO,MECHANICS,S,mae_date == close_date (2026-09-08 14:49),close should not coincide with the worst mark,"the exit fired at the worst point of the position's life — expected for a stop, a finding for anything else",the Trades list: which mechanic generated the closing order
2026-08-10,2026-10-06,2026-09-09,IC-SPX-FastPT25-S2,T01036,CLOSED_AT_MAE,INFO,MECHANICS,S,mae_date == close_date (2026-09-09 11:03),close should not coincide with the worst mark,"the exit fired at the worst point of the position's life — expected for a stop, a finding for anything else",the Trades list: which mechanic generated the closing order
2026-08-10,2026-10-06,2026-09-16,DIR-SPX-CallVIXdrop,T00995,CLOSED_AT_MAE,INFO,MECHANICS,S,mae_date == close_date (2026-09-16 14:36),close should not coincide with the worst mark,"the exit fired at the worst point of the position's life — expected for a stop, a finding for anything else",the Trades list: which mechanic generated the closing order
2026-08-10,2026-10-06,2026-09-16,GF-QQQ-IC-SL100,T00992,CLOSED_AT_MAE,INFO,MECHANICS,S,mae_date == close_date (2026-09-16 15:11),close should not coincide with the worst mark,"the exit fired at the worst point of the position's life — expected for a stop, a finding for anything else",the Trades list: which mechanic generated the closing order
2026-08-10,2026-10-06,2026-09-16,GF-QQQ-IC-SL200,T00993,CLOSED_AT_MAE,INFO,MECHANICS,S,mae_date == close_date (2026-09-16 15:14),close should not coincide with the worst mark,"the exit fired at the worst point of the position's life — expected for a stop, a finding for anything else",the Trades list: which mechanic generated the closing order
2026-08-10,2026-10-06,2026-09-18,GF-QQQ-IC-Touch0,T00976,CLOSED_AT_MAE,INFO,MECHANICS,S,mae_date == close_date (2026-09-18 14:53),close should not coincide with the worst mark,"the exit fired at the worst point of the position's life — expected for a stop, a finding for anything else",the Trades list: which mechanic generated the closing order
2026-08-10,2026-10-06,2026-09-18,IC-SPX-FastPT25-S2-130PM,T00980,CLOSED_AT_MAE,INFO,MECHANICS,S,mae_date == close_date (2026-09-18 14:54),close should not coincide with the worst mark,"the exit fired at the worst point of the position's life — expected for a stop, a finding for anything else",the Trades list: which mechanic generated the closing order
2026-08-10,2026-10-06,2026-09-22,DIR-SPX-CallVIXdrop,T00961,CLOSED_AT_MAE,INFO,MECHANICS,S,mae_date == close_date (2026-09-22 12:25),close should not coincide with the worst mark,"the exit fired at the worst point of the position's life — expected for a stop, a finding for anything else",the Trades list: which mechanic generated the closing order
2026-08-10,2026-10-06,2026-09-22,GF-QQQ-IC-SL100,T00957,CLOSED_AT_MAE,INFO,MECHANICS,S,mae_date == close_date (2026-09-22 15:33),close should not coincide with the worst mark,"the exit fired at the worst point of the position's life — expected for a stop, a finding for anything else",the Trades list: which mechanic generated the closing order
2026-08-10,2026-10-06,2026-09-24,GF-QQQ-IC-SL100,T00941,CLOSED_AT_MAE,INFO,MECHANICS,S,mae_date == close_date (2026-09-24 14:27),close should not coincide with the worst mark,"the exit fired at the worst point of the position's life — expected for a stop, a finding for anything else",the Trades list: which mechanic generated the closing order
2026-08-10,2026-10-06,2026-09-24,GF-QQQ-IC-SL100,T00942,CLOSED_AT_MAE,INFO,MECHANICS,S,mae_date == close_date (2026-09-24 13:44),close should not coincide with the worst mark,"the exit fired at the worst point of the position's life — expected for a stop, a finding for anything else",the Trades list: which mechanic generated the closing order
2026-08-10,2026-10-06,2026-09-24,GF-QQQ-IC-SL200,T00944,CLOSED_AT_MAE,INFO,MECHANICS,S,mae_date == close_date (2026-09-24 14:03),close should not coincide with the worst mark,"the exit fired at the worst point of the position's life — expected for a stop, a finding for anything else",the Trades list: which mechanic generated the closing order
2026-08-10,2026-10-06,2026-09-28,IC-SPX-FastPT25-S2,T00920,CLOSED_AT_MAE,INFO,MECHANICS,S,mae_date == close_date (2026-09-28 12:21),close should not coincide with the worst mark,"the exit fired at the worst point of the position's life — expected for a stop, a finding for anything else",the Trades list: which mechanic generated the closing order
2026-08-10,2026-10-06,2026-10-01,GF-QQQ-IC-SL100,T00890,CLOSED_AT_MAE,INFO,MECHANICS,S,mae_date == close_date (2026-10-01 14:05),close should not coincide with the worst mark,"the exit fired at the worst point of the position's life — expected for a stop, a finding for anything else",the Trades list: which mechanic generated the closing order
2026-08-10,2026-10-06,2026-10-01,GF-QQQ-IC-SL200,T00889,CLOSED_AT_MAE,INFO,MECHANICS,S,mae_date == close_date (2026-10-01 14:06),close should not coincide with the worst mark,"the exit fired at the worst point of the position's life — expected for a stop, a finding for anything else",the Trades list: which mechanic generated the closing order
2026-08-10,2026-10-06,2026-10-02,DIR-SPX-CallVIXdrop,T00876,CLOSED_AT_MAE,INFO,MECHANICS,S,mae_date == close_date (2026-10-02 11:10),close should not coincide with the worst mark,"the exit fired at the worst point of the position's life — expected for a stop, a finding for anything else",the Trades list: which mechanic generated the closing order
2026-08-10,2026-10-06,2026-10-02,IC-SPX-FastPT25-S2,T00875,CLOSED_AT_MAE,INFO,MECHANICS,S,mae_date == close_date (2026-10-02 11:13),close should not coincide with the worst mark,"the exit fired at the worst point of the position's life — expected for a stop, a finding for anything else",the Trades list: which mechanic generated the closing order
2026-08-10,2026-10-06,2026-10-05,GF-QQQ-IC-SL100,T00868,CLOSED_AT_MAE,INFO,MECHANICS,S,mae_date == close_date (2026-10-05 13:45),close should not coincide with the worst mark,"the exit fired at the worst point of the position's life — expected for a stop, a finding for anything else",the Trades list: which mechanic generated the closing order
2026-08-10,2026-10-06,2026-10-05,GF-QQQ-IC-SL200,T00867,CLOSED_AT_MAE,INFO,MECHANICS,S,mae_date == close_date (2026-10-05 15:03),close should not coincide with the worst mark,"the exit fired at the worst point of the position's life — expected for a stop, a finding for anything else",the Trades list: which mechanic generated the closing order
2026-08-10,2026-10-06,2026-10-05,IC-SPX-FastPT25-S2,T00869,CLOSED_AT_MAE,INFO,MECHANICS,S,mae_date == close_date (2026-10-05 11:04),close should not coincide with the worst mark,"the exit fired at the worst point of the position's life — expected for a stop, a finding for anything else",the Trades list: which mechanic generated the closing order
2026-08-10,2026-10-06,2026-10-05,IC-SPX-FastPT25-S2-130PM,T00866,CLOSED_AT_MAE,INFO,MECHANICS,S,mae_date == close_date (2026-10-05 15:15),close should not coincide with the worst mark,"the exit fired at the worst point of the position's life — expected for a stop, a finding for anything else",the Trades list: which mechanic generated the closing order
2026-08-10,2026-10-06,2026-08-21,60min-ORB-10W-Paper-v1,T01159,NEVER_IN_PROFIT,INFO,FIRE,S,mfe=-0.0105,mfe > 0,"the position was never in profit for a single recorded mark — an entry-side question, not an exit-side one",entry timestamp vs the tape; the C1 regime inputs for that morning
2026-08-10,2026-10-06,2026-08-27,IC-SPX-FastPT25-S2,T01112,NEVER_IN_PROFIT,INFO,FIRE,S,mfe=+0.0000,mfe > 0,"the position was never in profit for a single recorded mark — an entry-side question, not an exit-side one",entry timestamp vs the tape; the C1 regime inputs for that morning
2026-08-10,2026-10-06,2026-08-27,IC-SPX-FastPT25-S2-130PM,T01110,NEVER_IN_PROFIT,INFO,FIRE,S,mfe=+0.0000,mfe > 0,"the position was never in profit for a single recorded mark — an entry-side question, not an exit-side one",entry timestamp vs the tape; the C1 regime inputs for that morning
2026-08-10,2026-10-06,2026-08-28,GF-QQQ-IC-SL100,T01100,NEVER_IN_PROFIT,INFO,FIRE,S,mfe=-0.1429,mfe > 0,"the position was never in profit for a single recorded mark — an entry-side question, not an exit-side one",entry timestamp vs the tape; the C1 regime inputs for that morning
2026-08-10,2026-10-06,2026-08-28,IC-SPX-FastPT25-S2,T01107,NEVER_IN_PROFIT,INFO,FIRE,S,mfe=+0.0000,mfe > 0,"the position was never in profit for a single recorded mark — an entry-side question, not an exit-side one",entry timestamp vs the tape; the C1 regime inputs for that morning
2026-08-10,2026-10-06,2026-08-31,GF-QQQ-IC-SL100,T01084,NEVER_IN_PROFIT,INFO,FIRE,S,mfe=+0.0000,mfe > 0,"the position was never in profit for a single recorded mark — an entry-side question, not an exit-side one",entry timestamp vs the tape; the C1 regime inputs for that morning
2026-08-10,2026-10-06,2026-09-09,IC-SPX-FastPT25-S2,T01036,NEVER_IN_PROFIT,INFO,FIRE,S,mfe=+0.0000,mfe > 0,"the position was never in profit for a single recorded mark — an entry-side question, not an exit-side one",entry timestamp vs the tape; the C1 regime inputs for that morning
2026-08-10,2026-10-06,2026-09-14,IC-SPX-FastPT25-S2,T01017,NEVER_IN_PROFIT,INFO,FIRE,S,mfe=+0.0000,mfe > 0,"the position was never in profit for a single recorded mark — an entry-side question, not an exit-side one",entry timestamp vs the tape; the C1 regime inputs for that morning
2026-08-10,2026-10-06,2026-09-24,GF-QQQ-IC-SL100,T00942,NEVER_IN_PROFIT,INFO,FIRE,S,mfe=+0.0000,mfe > 0,"the position was never in profit for a single recorded mark — an entry-side question, not an exit-side one",entry timestamp vs the tape; the C1 regime inputs for that morning
2026-08-10,2026-10-06,2026-09-24,GF-QQQ-IC-SL200,T00944,NEVER_IN_PROFIT,INFO,FIRE,S,mfe=+0.0000,mfe > 0,"the position was never in profit for a single recorded mark — an entry-side question, not an exit-side one",entry timestamp vs the tape; the C1 regime inputs for that morning
2026-08-10,2026-10-06,2026-09-28,IC-SPX-FastPT25-S2,T00920,NEVER_IN_PROFIT,INFO,FIRE,S,mfe=+0.0000,mfe > 0,"the position was never in profit for a single recorded mark — an entry-side question, not an exit-side one",entry timestamp vs the tape; the C1 regime inputs for that morning
2026-08-10,2026-10-06,2026-09-28,IC-SPX-FastPT25-S2,T00921,NEVER_IN_PROFIT,INFO,FIRE,S,mfe=+0.0000,mfe > 0,"the position was never in profit for a single recorded mark — an entry-side question, not an exit-side one",entry timestamp vs the tape; the C1 regime inputs for that morning
2026-08-10,2026-10-06,2026-09-30,GF-QQQ-IC-Canary,T00901,NEVER_IN_PROFIT,INFO,FIRE,S,mfe=-0.0769,mfe > 0,"the position was never in profit for a single recorded mark — an entry-side question, not an exit-side one",entry timestamp vs the tape; the C1 regime inputs for that morning
2026-08-10,2026-10-06,2026-09-30,GF-QQQ-IC-Ride,T00898,NEVER_IN_PROFIT,INFO,FIRE,S,mfe=-0.0769,mfe > 0,"the position was never in profit for a single recorded mark — an entry-side question, not an exit-side one",entry timestamp vs the tape; the C1 regime inputs for that morning
2026-08-10,2026-10-06,2026-09-30,GF-QQQ-IC-Touch0,T00896,NEVER_IN_PROFIT,INFO,FIRE,S,mfe=-0.0769,mfe > 0,"the position was never in profit for a single recorded mark — an entry-side question, not an exit-side one",entry timestamp vs the tape; the C1 regime inputs for that morning
2026-08-10,2026-10-06,2026-09-30,QQQ-IC-0DTE-Fortress-NoPT50,T00902,NEVER_IN_PROFIT,INFO,FIRE,S,mfe=-0.1429,mfe > 0,"the position was never in profit for a single recorded mark — an entry-side question, not an exit-side one",entry timestamp vs the tape; the C1 regime inputs for that morning
2026-08-10,2026-10-06,2026-10-02,DIR-SPX-CallVIXdrop,T00876,NEVER_IN_PROFIT,INFO,FIRE,S,mfe=+0.0000,mfe > 0,"the position was never in profit for a single recorded mark — an entry-side question, not an exit-side one",entry timestamp vs the tape; the C1 regime inputs for that morning
2026-08-10,2026-10-06,2026-10-02,IC-SPX-FastPT25-S2,T00875,NEVER_IN_PROFIT,INFO,FIRE,S,mfe=+0.0000,mfe > 0,"the position was never in profit for a single recorded mark — an entry-side question, not an exit-side one",entry timestamp vs the tape; the C1 regime inputs for that morning
2026-08-10,2026-10-06,2026-10-05,IC-SPX-FastPT25-S2,T00869,NEVER_IN_PROFIT,INFO,FIRE,S,mfe=+0.0000,mfe > 0,"the position was never in profit for a single recorded mark — an entry-side question, not an exit-side one",entry timestamp vs the tape; the C1 regime inputs for that morning
2026-08-10,2026-10-06,,(fleet),,BACKSTOP_CAUGHT_IT,SKIPPED,MECHANICS,C,"config file present but column(s) ['time_exit', 'event_backstop'] absent from its schema","declared-contract column(s): time_exit, event_backstop","SKIPPED BY NAME (gate A9 split (i)): the declared config's schema does not carry what this rule reads. NOT a pass, NOT a crash — structural rules still run; this rule resumes when bots_config_v2.csv carries the mechanic columns (split (ii)). The runbook's own checklist calls this interim state acceptable: the blind spot is on the page, never silent.",data/bots_config_v2.csv header vs load_config()'s declared contract
2026-08-10,2026-10-06,,3DTE $140-$350,,EXPIRY_RATIO_FLIP,SKIPPED,MECHANICS,S,n=15,n >= 20,too few positions to evaluate a flip — NOT a pass,
2026-08-10,2026-10-06,,60min-ORB-10W-Paper-v1,,EXPIRY_RATIO_FLIP,SKIPPED,MECHANICS,S,n=15,n >= 20,too few positions to evaluate a flip — NOT a pass,
2026-08-10,2026-10-06,,DIR-SPX-CallVIXdrop,,EXPIRY_RATIO_FLIP,SKIPPED,MECHANICS,S,n=11,n >= 20,too few positions to evaluate a flip — NOT a pass,
2026-08-10,2026-10-06,,Friday 14 DTE Broken Wing IB (B-70),,EXPIRY_RATIO_FLIP,SKIPPED,MECHANICS,S,n=7,n >= 20,too few positions to evaluate a flip — NOT a pass,
2026-08-10,2026-10-06,,GF-QQQ-IC-Ride-Delta,,EXPIRY_RATIO_FLIP,SKIPPED,MECHANICS,S,n=18,n >= 20,too few positions to evaluate a flip — NOT a pass,
2026-08-10,2026-10-06,,IC-SPX-Fortress-Unstopped,,EXPIRY_RATIO_FLIP,SKIPPED,MECHANICS,S,n=8,n >= 20,too few positions to evaluate a flip — NOT a pass,
2026-08-10,2026-10-06,,QQQ-IC-0DTE-Fortress-NoPT50,,EXPIRY_RATIO_FLIP,SKIPPED,MECHANICS,S,n=9,n >= 20,too few positions to evaluate a flip — NOT a pass,
2026-08-10,2026-10-06,,Trendy-Paper-v1,,EXPIRY_RATIO_FLIP,SKIPPED,MECHANICS,S,n=8,n >= 20,too few positions to evaluate a flip — NOT a pass,
2026-08-10,2026-10-06,,(fleet),,PT_DECLARED_NOT_TAKEN,SKIPPED,MECHANICS,C,config file present but column(s) ['pt_pct'] absent from its schema,declared-contract column(s): pt_pct,"SKIPPED BY NAME (gate A9 split (i)): the declared config's schema does not carry what this rule reads. NOT a pass, NOT a crash — structural rules still run; this rule resumes when bots_config_v2.csv carries the mechanic columns (split (ii)). The runbook's own checklist calls this interim state acceptable: the blind spot is on the page, never silent.",data/bots_config_v2.csv header vs load_config()'s declared contract
2026-08-10,2026-10-06,,(fleet),,PT_NEVER_FIRES,SKIPPED,MECHANICS,C,config file present but column(s) ['pt_pct'] absent from its schema,declared-contract column(s): pt_pct,"SKIPPED BY NAME (gate A9 split (i)): the declared config's schema does not carry what this rule reads. NOT a pass, NOT a crash — structural rules still run; this rule resumes when bots_config_v2.csv carries the mechanic columns (split (ii)). The runbook's own checklist calls this interim state acceptable: the blind spot is on the page, never silent.",data/bots_config_v2.csv header vs load_config()'s declared contract
2026-08-10,2026-10-06,,(fleet),,REMOVED_EXIT_FIRED,SKIPPED,MECHANICS,C,config file present but column(s) ['pt_pct'] absent from its schema,declared-contract column(s): pt_pct,"SKIPPED BY NAME (gate A9 split (i)): the declared config's schema does not carry what this rule reads. NOT a pass, NOT a crash — structural rules still run; this rule resumes when bots_config_v2.csv carries the mechanic columns (split (ii)). The runbook's own checklist calls this interim state acceptable: the blind spot is on the page, never silent.",data/bots_config_v2.csv header vs load_config()'s declared contract
2026-08-10,2026-10-06,,(fleet),,TIME_EXIT_MISSED,SKIPPED,MECHANICS,C,config file present but column(s) ['time_exit'] absent from its schema,declared-contract column(s): time_exit,"SKIPPED BY NAME (gate A9 split (i)): the declared config's schema does not carry what this rule reads. NOT a pass, NOT a crash — structural rules still run; this rule resumes when bots_config_v2.csv carries the mechanic columns (split (ii)). The runbook's own checklist calls this interim state acceptable: the blind spot is on the page, never silent.",data/bots_config_v2.csv header vs load_config()'s declared contract
