botName,type,description,symbol,status,quantity,daysInTrade,openPrice,closePrice,premium,pnl,ror,returnPct,risk,ev,alpha,highReturnPct,lowReturnPct,highReturnPctDate,lowReturnPctDate,expiration,openDate,closeDate,tags,underlyingOpen,underlyingClose
"IC-SPX-FastPT25-S2-130PM","shortcallspread","-7,730 call, +7,735 call","SPX","expired",10,0,0.25,0,-250,250,0.052632,1,4750,"-18.54975","-0.039052","1","-0.28","2026-09-04 15:24:00","2026-09-04 13:36:00","2026-09-04 16:00:00","2026-09-04 13:31:01","2026-09-04 16:15:00","call side",7711.71,7718.6
"IC-SPX-FastPT25-S2-130PM","shortputspread","-7,690 put, +7,685 put","SPX","expired",10,0,0.35,0,-350,350,0.075269,1,4650,"4.90394","0.010501","1","-0.28571429","2026-09-04 14:53:00","2026-09-04 13:46:00","2026-09-04 16:00:00","2026-09-04 13:31:00","2026-09-04 16:15:00","put side",7711.72,7718.6
"GF-QQQ-IC-Ride","shortputspread","-715 put, +713 put","QQQ","closed",26,0,0.1,0.01,-260,234,0.047368,0.9,4940,"-7.02101","-0.037148","1","-0.9","2026-09-04 15:28:00","2026-09-04 13:46:00","2026-09-04 16:00:00","2026-09-04 13:31:11","2026-09-04 15:50:01","put side",717.28,718.91
"GF-QQQ-IC-SL100","shortputspread","-715 put, +713 put","QQQ","closed",26,0,0.1,0.01,-260,234,0.047368,0.9,4940,"-7.02101","-0.037148","1","-0.9","2026-09-04 15:28:00","2026-09-04 13:46:00","2026-09-04 16:00:00","2026-09-04 13:31:11","2026-09-04 15:50:01","put side",717.28,718.91
"GF-QQQ-IC-Trail","shortputspread","-715 put, +713 put","QQQ","closed",26,0,0.1,0.01,-260,234,0.047368,0.9,4940,"-7.02101","-0.037148","1","-0.9","2026-09-04 15:28:00","2026-09-04 13:46:00","2026-09-04 16:00:00","2026-09-04 13:31:11","2026-09-04 15:50:01","put side",717.28,718.91
"GF-QQQ-IC-Touch0","shortputspread","-715 put, +713 put","QQQ","closed",26,0,0.1,0.01,-260,234,0.047368,0.9,4940,"-7.02101","-0.037148","1","-0.9","2026-09-04 15:28:00","2026-09-04 13:46:00","2026-09-04 16:00:00","2026-09-04 13:31:11","2026-09-04 15:50:01","put side",717.28,718.91
"GF-QQQ-IC-SL200","shortputspread","-715 put, +713 put","QQQ","closed",26,0,0.1,0.01,-260,234,0.047368,0.9,4940,"-7.02101","-0.037148","1","-0.9","2026-09-04 15:28:00","2026-09-04 13:46:00","2026-09-04 16:00:00","2026-09-04 13:31:11","2026-09-04 15:50:01","put side",717.28,718.91
"GF-QQQ-IC-PT50","shortputspread","-715 put, +713 put","QQQ","closed",26,0,0.1,0.04,-260,156,0.031579,0.6,4940,"-7.02101","-0.037148","0.7","-0.9","2026-09-04 14:22:00","2026-09-04 13:46:00","2026-09-04 16:00:00","2026-09-04 13:31:11","2026-09-04 14:22:06","put side",717.28,717.62
"GF-QQQ-IC-Canary","shortputspread","-715 put, +713 put","QQQ","closed",1,0,0.1,0.09,-10,1,0.005263,0.1,190,"-7.02101","-0.037148","0.2","-0.9","2026-09-04 13:59:00","2026-09-04 13:46:00","2026-09-04 16:00:00","2026-09-04 13:31:11","2026-09-04 13:59:06","put side",717.28,717.21
"IC-SPX-FastPT25-S2","shortputspread","-7,655 put, +7,650 put","SPX","closed",10,0,0.15,0.15,-150,0,0,0,4850,"13.29622","0.027415","0","0","2026-09-04 11:01:01","2026-09-04 11:01:01","2026-09-04 16:00:00","2026-09-04 11:01:01","2026-09-04 11:04:01","put side",7710.71,7709.03
"Trendy-Paper-v1","shortputspread","-750 put, +740 put","SPY","closed",1,1,0.57,0.33,-57,24,0.025451,0.421053,943,"-4.20484","-0.004459","0.57894737","-0.07017544","2026-09-04 09:56:00","2026-09-03 10:35:00","2026-09-14 16:00:00","2026-09-03 10:30:02","2026-09-04 10:45:17",,768.67,770.42
"Nigiri-Paper-v1","shortputspread","-740 put, +735 put","SPY","closed",10,1,0.09,0.05,-90,40,0.008147,0.444444,4910,"6.1993","0.012652","0.55555556","-0.33333333","2026-09-03 14:38:00","2026-09-03 10:35:00","2026-09-11 16:00:00","2026-09-03 10:30:30","2026-09-04 09:45:13","",768.82,772.17
"DIR-SPX-CallVIXdrop","longcallspread","+7,710 call, -7,725 call","SPX","closed",1,0,5.65,9.9,565,425,0.752212,0.752212,565,"-42.06805","-0.074854","1.69026549","0.00884956","2026-09-03 15:33:00","2026-09-03 11:00:01","2026-09-03 16:00:00","2026-09-03 11:00:01","2026-09-03 15:50:00",,7709.04,7749.02
"Friday 14 DTE Broken Wing IB (B-70)","ironbutterfly","+7,600 put, -7,660 put, -7,660 call, +7,700 call","SPX","closed",1,6,40.05,38.95,-4005,110,0.055138,0.027466,1995,"-168.14293","-0.084282","0.02746567","-0.07865169","2026-09-03 12:16:00","2026-09-01 14:46:00","2026-09-11 16:00:00","2026-08-28 10:30:03","2026-09-03 12:16:00","14 dte",7730.4,7743.85
"IC-SPX-FastPT25-S2","shortputspread","-7,655 put, +7,650 put","SPX","closed",10,0,0.1,0.05,-100,50,0.010204,0.5,4900,"8.73009","0.017817","0.5","0","2026-09-03 11:03:00","2026-09-03 11:01:01","2026-09-03 16:00:00","2026-09-03 11:01:00","2026-09-03 11:03:02","put side",7711.17,7714.19
"Nigiri-Paper-v1","shortputspread","-749 put, +744 put","SPY","closed",10,1,0.07,0.03,-70,40,0.008114,0.571429,4930,"5.85624","0.011903","0.85714286","-0.42857143","2026-09-03 09:31:00","2026-09-02 13:42:00","2026-09-04 16:00:00","2026-09-02 13:00:24","2026-09-03 10:30:12","",764.98,768.63
"Trendy-Paper-v1","shortputspread","-755 put, +745 put","SPY","closed",1,7,0.67,0.31,-67,36,0.038585,0.537313,933,"-35.27921","-0.037813","0.65671642","-1.8358209","2026-09-03 10:00:00","2026-09-01 14:46:00","2026-09-08 16:00:00","2026-08-27 12:45:03","2026-09-03 10:15:14",,771.75,768.43
"IC-SPX-FastPT25-S2-130PM","shortcallspread","-7,685 call, +7,690 call","SPX","expired",10,0,0.2,0,-200,200,0.041667,1,4800,"-14.73573","-0.030509","1","-2.5","2026-09-02 15:43:00","2026-09-02 14:19:00","2026-09-02 16:00:00","2026-09-02 13:31:01","2026-09-02 16:15:00","call side",7663.77,7666.6
"IC-SPX-FastPT25-S2-130PM","shortputspread","-7,640 put, +7,635 put","SPX","expired",10,0,0.25,0,-250,250,0.052632,1,4750,"2.84665","0.005993","1","-0.4","2026-09-02 15:10:00","2026-09-02 13:35:00","2026-09-02 16:00:00","2026-09-02 13:31:00","2026-09-02 16:15:00","put side",7663.89,7666.6
"GF-QQQ-IC-Touch0","shortcallspread","-711 call, +713 call","QQQ","closed",1,0,0.12,0.13,-12,-1,-0.005319,-0.083333,188,"-2.67672","-0.014314","0.5","-0.58333333","2026-09-02 13:42:00","2026-09-02 14:19:00","2026-09-02 16:00:00","2026-09-02 13:31:12","2026-09-02 15:50:06","call side",708.39,709.17
"GF-QQQ-IC-PT50","shortcallspread","-711 call, +713 call","QQQ","closed",1,0,0.12,0.13,-12,-1,-0.005319,-0.083333,188,"-2.67672","-0.014314","0.5","-0.58333333","2026-09-02 13:42:00","2026-09-02 14:19:00","2026-09-02 16:00:00","2026-09-02 13:31:12","2026-09-02 15:50:06","call side",708.39,709.17
"GF-QQQ-IC-SL200","shortcallspread","-711 call, +713 call","QQQ","closed",1,0,0.12,0.13,-12,-1,-0.005319,-0.083333,188,"-2.67672","-0.014314","0.5","-0.58333333","2026-09-02 13:42:00","2026-09-02 14:19:00","2026-09-02 16:00:00","2026-09-02 13:31:12","2026-09-02 15:50:06","call side",708.39,709.17
"GF-QQQ-IC-Ride","shortcallspread","-711 call, +713 call","QQQ","closed",1,0,0.12,0.13,-12,-1,-0.005319,-0.083333,188,"-2.67672","-0.014314","0.5","-0.58333333","2026-09-02 13:42:00","2026-09-02 14:19:00","2026-09-02 16:00:00","2026-09-02 13:31:12","2026-09-02 15:50:06","call side",708.39,709.17
"GF-QQQ-IC-SL100","shortcallspread","-711 call, +713 call","QQQ","closed",1,0,0.12,0.13,-12,-1,-0.005319,-0.083333,188,"-2.67672","-0.014314","0.5","-0.58333333","2026-09-02 13:42:00","2026-09-02 14:19:00","2026-09-02 16:00:00","2026-09-02 13:31:12","2026-09-02 15:50:06","call side",708.39,709.17
"GF-QQQ-IC-SL100","shortputspread","-704 put, +702 put","QQQ","closed",1,0,0.07,0.01,-7,6,0.031088,0.857143,193,"4.71108","0.024537","1","-0.42857143","2026-09-02 15:46:00","2026-09-02 13:37:00","2026-09-02 16:00:00","2026-09-02 13:31:11","2026-09-02 15:50:00","put side",708.38,709.12
"GF-QQQ-IC-SL200","shortputspread","-704 put, +702 put","QQQ","closed",1,0,0.07,0.01,-7,6,0.031088,0.857143,193,"4.71108","0.024537","1","-0.42857143","2026-09-02 15:46:00","2026-09-02 13:37:00","2026-09-02 16:00:00","2026-09-02 13:31:11","2026-09-02 15:50:00","put side",708.38,709.12
"GF-QQQ-IC-Touch0","shortputspread","-704 put, +702 put","QQQ","closed",1,0,0.07,0.01,-7,6,0.031088,0.857143,193,"4.71108","0.024537","1","-0.42857143","2026-09-02 15:46:00","2026-09-02 13:37:00","2026-09-02 16:00:00","2026-09-02 13:31:11","2026-09-02 15:50:00","put side",708.38,709.12
"GF-QQQ-IC-Ride","shortputspread","-704 put, +702 put","QQQ","closed",1,0,0.07,0.01,-7,6,0.031088,0.857143,193,"4.71108","0.024537","1","-0.42857143","2026-09-02 15:46:00","2026-09-02 13:37:00","2026-09-02 16:00:00","2026-09-02 13:31:11","2026-09-02 15:50:00","put side",708.38,709.12
"GF-QQQ-IC-PT50","shortputspread","-704 put, +702 put","QQQ","closed",1,0,0.07,0.03,-7,4,0.020725,0.571429,193,"4.71108","0.024537","0.71428571","-0.42857143","2026-09-02 15:16:00","2026-09-02 13:37:00","2026-09-02 16:00:00","2026-09-02 13:31:11","2026-09-02 15:16:06","put side",708.38,708.52
"GF-QQQ-IC-Trail","shortputspread","-704 put, +702 put","QQQ","closed",1,0,0.07,0.09,-7,-2,-0.010363,-0.285714,193,"4.71108","0.024537","0.42857143","-0.42857143","2026-09-02 14:00:00","2026-09-02 13:37:00","2026-09-02 16:00:00","2026-09-02 13:31:11","2026-09-02 14:01:11","put side",708.38,708.06
"GF-QQQ-IC-Canary","shortputspread","-704 put, +702 put","QQQ","closed",1,0,0.07,0.06,-7,1,0.005181,0.142857,193,"4.71108","0.024537","0.28571429","-0.42857143","2026-09-02 13:46:00","2026-09-02 13:37:00","2026-09-02 16:00:00","2026-09-02 13:31:11","2026-09-02 13:46:06","put side",708.38,708.73
"GF-QQQ-IC-Trail","shortcallspread","-711 call, +713 call","QQQ","closed",1,0,0.12,0.09,-12,3,0.015957,0.25,188,"-2.67672","-0.014314","0.5","-0.08333333","2026-09-02 13:42:00","2026-09-02 13:31:12","2026-09-02 16:00:00","2026-09-02 13:31:12","2026-09-02 13:43:11","call side",708.39,708.12
"GF-QQQ-IC-Canary","shortcallspread","-711 call, +713 call","QQQ","closed",1,0,0.12,0.11,-12,1,0.005319,0.083333,188,"-2.67672","-0.014314","0.16666667","-0.08333333","2026-09-02 13:33:00","2026-09-02 13:31:12","2026-09-02 16:00:00","2026-09-02 13:31:12","2026-09-02 13:33:06","call side",708.39,708.13
"DIR-SPX-CallVIXdrop","longcallspread","+7,670 call, -7,685 call","SPX","closed",1,0,6.1,3,610,-310,-0.508197,-0.508197,610,"-57.63712","-0.094487","0.45901639","-0.51311475","2026-09-02 11:30:00","2026-09-02 13:18:00","2026-09-02 16:00:00","2026-09-02 11:00:01","2026-09-02 13:18:00",,7669.97,7663.46
"Nigiri-Paper-v1","shortputspread","-746 put, +741 put","SPY","closed",10,5,0.1,0.05,-100,50,0.010204,0.5,4900,"5.41176","0.011067","0.9","-2.6","2026-08-28 10:00:00","2026-09-01 14:46:00","2026-09-04 16:00:00","2026-08-28 09:45:25","2026-09-02 13:00:12","",772.63,764.99
"IC-SPX-FastPT25-S2","shortputspread","-7,610 put, +7,605 put","SPX","closed",10,0,0.1,0.1,-100,0,0,0,4900,"8.82405","0.018008","0","0","2026-09-02 11:01:00","2026-09-02 11:01:00","2026-09-02 16:00:00","2026-09-02 11:01:00","2026-09-02 11:03:02","put side",7669.33,7670.27
"IC-SPX-FastPT25-S2-130PM","shortputspread","-7,605 put, +7,600 put","SPX","expired",10,0,0.25,0,-250,250,0.052632,1,4750,"14.64696","0.030706","1","-4.6","2026-09-01 15:48:00","2026-09-01 14:46:00","2026-09-01 16:00:00","2026-09-01 13:31:01","2026-09-01 16:15:00","put side",7634.76,7631.47
"IC-SPX-FastPT25-S2-130PM","shortcallspread","-7,655 call, +7,660 call","SPX","expired",10,0,0.4,0,-400,400,0.086957,1,4600,"3.21856","0.006952","1","-0.25","2026-09-01 14:47:00","2026-09-01 13:36:00","2026-09-01 16:00:00","2026-09-01 13:31:02","2026-09-01 16:15:00","call side",7634.76,7631.47
"3DTE $140-$350","ironcondor","+7,505 put, -7,515 put, -7,900 call, +7,910 call","SPX","expired",1,5,0.35,0,-35,35,0.036269,1,965,"-44.927049","-0.046557","1","-0.14285714","2026-08-31 13:00:00","2026-08-27 10:17:00","2026-09-01 16:00:00","2026-08-27 10:15:07","2026-09-01 16:15:00","190",7705.79,7631.47
"60min-ORB-10W-Paper-v1","shortputspread","-7,625 put, +7,615 put","SPX","closed",1,0,0.75,0.25,-75,50,0.054054,0.666667,925,"3.1203","0.003373","0.66666667","-0.82666667","2026-09-01 11:48:00","2026-09-01 11:08:00","2026-09-01 16:00:00","2026-09-01 11:00:03","2026-09-01 11:48:00","test a",7651.67,7662.18
"IC-SPX-FastPT25-S2","shortputspread","-7,595 put, +7,590 put","SPX","closed",10,0,0.1,0.1,-100,0,0,0,4900,"8.55203","0.017453","0","0","2026-09-01 11:01:01","2026-09-01 11:01:01","2026-09-01 16:00:00","2026-09-01 11:01:01","2026-09-01 11:03:02","put side",7651.68,7650.33
"QQQ long call","longcallspread","+727 call, -839 call","QQQ","closed",1,63,32.78,9.07,3278,-2371,-0.723307,-0.723307,3278,"-93.14535","-0.028424","0.22483221","-0.76174497","2026-06-30 12:21:00","2026-08-24 10:13:00","2026-09-30 16:00:00","2026-06-29 12:30:13","2026-08-31 18:10:06","",719.83,716.76
"QQQ long call","longcallspread","+745 call, -870 call","QQQ","closed",1,70,34.88,3.24,3488,-3164,-0.90711,-0.90711,3488,"-151.13442","-0.04333","0.0100344","-0.92259174","2026-06-22 15:59:00","2026-08-31 12:09:00","2026-09-30 16:00:00","2026-06-22 14:15:08","2026-08-31 18:09:14","",737.6,716.76
"QQQ long call","longcallspread","+745 call, -865 call","QQQ","closed",1,77,32.99,1.41,3299,-3158,-0.95726,-0.95726,3299,"-156.32397","-0.0474","0.09942407","-0.96605032","2026-06-22 10:09:00","2026-08-31 12:05:00","2026-09-18 16:00:00","2026-06-15 09:45:04","2026-08-31 18:08:27","",739.71,716.76
"IC-SPX-FastPT25-S2","shortputspread","-7,625 put, +7,620 put","SPX","expired",10,0,0.1,0,-100,100,0.020408,1,4900,"8.00386","0.016334","1","-0.5","2026-08-31 13:13:00","2026-08-31 11:03:00","2026-08-31 16:00:00","2026-08-31 11:01:01","2026-08-31 16:15:00","put side",7680.29,7686.14
"IC-SPX-FastPT25-S2-130PM","shortcallspread","-7,695 call, +7,700 call","SPX","expired",10,0,0.15,0,-150,150,0.030928,1,4850,"-4.75801","-0.00981","0.33333333","-7.8","2026-08-31 14:42:00","2026-08-31 15:53:00","2026-08-31 16:00:00","2026-08-31 13:31:02","2026-08-31 16:15:00","call side",7670.32,7686.14
"QQQ long call","longcallspread","+743 call, -850 call","QQQ","expired",1,91,29.71,0,2971,-2971,-1,-1,2971,"-892.28348","-0.300331","0.19286436","-1","2026-06-03 09:33:00","2026-08-28 11:54:00","2026-08-31 16:00:00","2026-06-01 10:15:06","2026-08-31 16:15:00","",737.64,716.77
"IC-SPX-FastPT25-S2","shortcallspread","-7,735 call, +7,740 call","SPX","expired",10,0,0.1,0,-100,100,0.020408,1,4900,"8.11569","0.016563","1","0","2026-08-31 11:17:00","2026-08-31 11:02:03","2026-08-31 16:00:00","2026-08-31 11:02:03","2026-08-31 16:15:00","call side",7678.96,7686.14
"IC-SPX-FastPT25-S2-130PM","shortputspread","-7,650 put, +7,645 put","SPX","expired",10,0,0.45,0,-450,450,0.098901,1,4550,"8.31829","0.018202","1","0.04444444","2026-08-31 15:11:00","2026-08-31 13:31:01","2026-08-31 16:00:00","2026-08-31 13:31:01","2026-08-31 16:15:00","put side",7670.34,7686.14
"GF-QQQ-IC-Ride-Delta","shortputspread","-712 put, +710 put","QQQ","closed",1,0,0.07,0.01,-7,6,0.031088,0.857143,193,"-8.89307","-0.046318","1","-0.85714286","2026-08-31 15:36:00","2026-08-31 14:44:00","2026-08-31 16:00:00","2026-08-31 13:39:14","2026-08-31 15:50:01","put side",714.43,716
"GF-QQQ-IC-SL100","shortputspread","-712 put, +710 put","QQQ","closed",1,0,0.07,0.01,-7,6,0.031088,0.857143,193,"-8.89307","-0.046318","1","-0.85714286","2026-08-31 15:36:00","2026-08-31 14:44:00","2026-08-31 16:00:00","2026-08-31 13:39:12","2026-08-31 15:50:01","put side",714.42,716
"GF-QQQ-IC-Ride-Delta","shortputspread","-712 put, +710 put","QQQ","closed",1,0,0.07,0.01,-7,6,0.031088,0.857143,193,"-8.89307","-0.046318","1","-0.85714286","2026-08-31 15:36:00","2026-08-31 14:44:00","2026-08-31 16:00:00","2026-08-31 13:39:12","2026-08-31 15:50:01","put side",714.42,716
"GF-QQQ-IC-Touch0","shortcallspread","-717 call, +719 call","QQQ","closed",1,0,0.09,0.09,-9,0,0,0,191,"-13.12117","-0.069059","0.77777778","-1.22222222","2026-08-31 14:56:00","2026-08-31 13:52:00","2026-08-31 16:00:00","2026-08-31 13:42:12","2026-08-31 15:50:01","call side",715.05,716
"GF-QQQ-IC-SL200","shortcallspread","-717 call, +719 call","QQQ","closed",1,0,0.09,0.09,-9,0,0,0,191,"-13.12117","-0.069059","0.77777778","-1.22222222","2026-08-31 14:56:00","2026-08-31 13:52:00","2026-08-31 16:00:00","2026-08-31 13:42:12","2026-08-31 15:50:01","call side",715.05,716
"GF-QQQ-IC-Touch0","shortputspread","-712 put, +710 put","QQQ","closed",1,0,0.07,0.01,-7,6,0.031088,0.857143,193,"-8.89307","-0.046318","1","-0.85714286","2026-08-31 15:36:00","2026-08-31 14:44:00","2026-08-31 16:00:00","2026-08-31 13:39:12","2026-08-31 15:50:01","put side",714.42,716
"GF-QQQ-IC-SL200","shortputspread","-712 put, +710 put","QQQ","closed",1,0,0.07,0.01,-7,6,0.031088,0.857143,193,"-8.89307","-0.046318","1","-0.85714286","2026-08-31 15:36:00","2026-08-31 14:44:00","2026-08-31 16:00:00","2026-08-31 13:39:12","2026-08-31 15:50:01","put side",714.42,716
"GF-QQQ-IC-Ride","shortcallspread","-717 call, +719 call","QQQ","closed",1,0,0.09,0.09,-9,0,0,0,191,"-13.12117","-0.069059","0.77777778","-1.22222222","2026-08-31 14:56:00","2026-08-31 13:52:00","2026-08-31 16:00:00","2026-08-31 13:42:12","2026-08-31 15:50:01","call side",715.05,716
"GF-QQQ-IC-Ride","shortputspread","-712 put, +710 put","QQQ","closed",1,0,0.07,0.01,-7,6,0.031088,0.857143,193,"-8.89307","-0.046318","1","-0.85714286","2026-08-31 15:36:00","2026-08-31 14:44:00","2026-08-31 16:00:00","2026-08-31 13:39:12","2026-08-31 15:50:01","put side",714.42,716
"GF-QQQ-IC-Trail","shortcallspread","-717 call, +719 call","QQQ","closed",1,0,0.09,0.05,-9,4,0.020942,0.444444,191,"-13.12117","-0.069059","0.77777778","-1.22222222","2026-08-31 14:56:00","2026-08-31 13:52:00","2026-08-31 16:00:00","2026-08-31 13:42:12","2026-08-31 15:01:11","call side",715.05,714.71
"GF-QQQ-IC-PT50","shortcallspread","-717 call, +719 call","QQQ","closed",1,0,0.09,0.04,-9,5,0.026178,0.555556,191,"-13.12117","-0.069059","0.66666667","-1.22222222","2026-08-31 14:39:00","2026-08-31 13:52:00","2026-08-31 16:00:00","2026-08-31 13:42:12","2026-08-31 14:39:06","call side",715.05,714.21
"GF-QQQ-IC-Canary","shortcallspread","-717 call, +719 call","QQQ","closed",1,0,0.09,0.06,-9,3,0.015707,0.333333,191,"-13.12117","-0.069059","0.44444444","-1.22222222","2026-08-31 14:35:00","2026-08-31 13:52:00","2026-08-31 16:00:00","2026-08-31 13:42:12","2026-08-31 14:35:06","call side",715.05,714.79
"GF-QQQ-IC-PT50","shortputspread","-712 put, +710 put","QQQ","closed",1,0,0.07,0.03,-7,4,0.020725,0.571429,193,"-8.89307","-0.046318","0.71428571","-0.14285714","2026-08-31 14:25:00","2026-08-31 13:39:12","2026-08-31 16:00:00","2026-08-31 13:39:12","2026-08-31 14:25:06","put side",714.42,715.53
"GF-QQQ-IC-Trail","shortputspread","-712 put, +710 put","QQQ","closed",1,0,0.07,0.06,-7,1,0.005181,0.142857,193,"-8.89307","-0.046318","0.57142857","-0.14285714","2026-08-31 13:51:00","2026-08-31 13:39:12","2026-08-31 16:00:00","2026-08-31 13:39:12","2026-08-31 14:01:11","put side",714.42,714.98
"GF-QQQ-IC-SL100","shortcallspread","-717 call, +719 call","QQQ","closed",1,0,0.09,0.2,-9,-11,-0.057592,-1.222222,191,"-13.12117","-0.069059","0","-1.11111111","2026-08-31 13:43:00","2026-08-31 13:51:00","2026-08-31 16:00:00","2026-08-31 13:42:12","2026-08-31 13:51:11","call side",715.05,715.5
"GF-QQQ-IC-Canary","shortputspread","-712 put, +710 put","QQQ","closed",1,0,0.07,0.05,-7,2,0.010363,0.285714,193,"-8.89307","-0.046318","0.42857143","-0.14285714","2026-08-31 13:44:00","2026-08-31 13:39:12","2026-08-31 16:00:00","2026-08-31 13:39:12","2026-08-31 13:44:06","put side",714.42,715.14
"IC-SPX-Fortress-Unstopped","shortputspread","-7,655 put, +7,650 put","SPX","expired",10,0,0.1,0,-100,100,0.020408,1,4900,"9.96681","0.02034","1","-0.5","2026-08-28 13:53:00","2026-08-28 13:40:00","2026-08-28 16:00:00","2026-08-28 13:38:01","2026-08-28 16:15:00","put side",7710.44,7711.76
"IC-SPX-FastPT25-S2-130PM","shortputspread","-7,680 put, +7,675 put","SPX","expired",10,0,0.4,0,-400,400,0.086957,1,4600,"32.63151","0.070938","1","-0.5","2026-08-28 15:21:00","2026-08-28 13:40:00","2026-08-28 16:00:00","2026-08-28 13:38:01","2026-08-28 16:15:00","put side",7710.44,7711.76
"IC-SPX-FastPT25-S2-130PM","shortcallspread","-7,735 call, +7,740 call","SPX","expired",10,0,0.3,0,-300,300,0.06383,1,4700,"21.17005","0.045043","1","-0.83333333","2026-08-28 15:37:00","2026-08-28 13:50:00","2026-08-28 16:00:00","2026-08-28 13:39:57","2026-08-28 16:15:00","call side",7705.76,7711.76
"GF-QQQ-IC-Ride","shortcallspread","-720 call, +722 call","QQQ","closed",1,0,0.07,0.01,-7,6,0.031088,0.857143,193,"2.98872","0.015566","1","-1","2026-08-28 14:51:00","2026-08-28 13:50:00","2026-08-28 16:00:00","2026-08-28 13:42:05","2026-08-28 15:50:01","call side",716.11,716.4
"GF-QQQ-IC-Ride-Delta","shortputspread","-712 put, +710 put","QQQ","closed",1,0,0.07,0.01,-7,6,0.031088,0.857143,193,"4.96556","0.025862","1","-1","2026-08-28 15:22:00","2026-08-28 13:40:00","2026-08-28 16:00:00","2026-08-28 13:35:11","2026-08-28 15:50:01","put side",716.51,716.4
"GF-QQQ-IC-SL200","shortcallspread","-720 call, +722 call","QQQ","closed",1,0,0.07,0.01,-7,6,0.031088,0.857143,193,"2.98872","0.015566","1","-1","2026-08-28 14:51:00","2026-08-28 13:50:00","2026-08-28 16:00:00","2026-08-28 13:42:05","2026-08-28 15:50:01","call side",716.11,716.4
"GF-QQQ-IC-SL200","shortputspread","-712 put, +710 put","QQQ","closed",1,0,0.08,0.01,-8,7,0.036458,0.875,192,"5.79546","0.030343","1","-0.75","2026-08-28 15:22:00","2026-08-28 13:40:00","2026-08-28 16:00:00","2026-08-28 13:38:11","2026-08-28 15:50:01","put side",716.38,716.4
"GF-QQQ-IC-Trail","shortcallspread","-720 call, +722 call","QQQ","closed",1,0,0.07,0.01,-7,6,0.031088,0.857143,193,"2.98872","0.015566","1","-1","2026-08-28 14:51:00","2026-08-28 13:50:00","2026-08-28 16:00:00","2026-08-28 13:42:05","2026-08-28 15:50:01","call side",716.11,716.4
"GF-QQQ-IC-Touch0","shortputspread","-712 put, +710 put","QQQ","closed",1,0,0.08,0.01,-8,7,0.036458,0.875,192,"5.79546","0.030343","1","-0.75","2026-08-28 15:22:00","2026-08-28 13:40:00","2026-08-28 16:00:00","2026-08-28 13:38:11","2026-08-28 15:50:01","put side",716.38,716.4
"GF-QQQ-IC-Ride","shortputspread","-712 put, +710 put","QQQ","closed",1,0,0.08,0.01,-8,7,0.036458,0.875,192,"5.79546","0.030343","1","-0.75","2026-08-28 15:22:00","2026-08-28 13:40:00","2026-08-28 16:00:00","2026-08-28 13:38:11","2026-08-28 15:50:01","put side",716.38,716.4
"GF-QQQ-IC-Ride-Delta","shortcallspread","-720 call, +722 call","QQQ","closed",1,0,0.09,0.01,-9,8,0.041885,0.888889,191,"1.80116","0.00948","1","-0.55555556","2026-08-28 14:51:00","2026-08-28 13:50:00","2026-08-28 16:00:00","2026-08-28 13:36:46","2026-08-28 15:50:01","call side",716.59,716.4
"GF-QQQ-IC-Touch0","shortcallspread","-720 call, +722 call","QQQ","closed",1,0,0.07,0.01,-7,6,0.031088,0.857143,193,"2.98872","0.015566","1","-1","2026-08-28 14:51:00","2026-08-28 13:50:00","2026-08-28 16:00:00","2026-08-28 13:42:05","2026-08-28 15:50:01","call side",716.11,716.4
"GF-QQQ-IC-SL100","shortputspread","-712 put, +710 put","QQQ","closed",1,0,0.08,0.01,-8,7,0.036458,0.875,192,"5.79546","0.030343","1","-0.75","2026-08-28 15:22:00","2026-08-28 13:40:00","2026-08-28 16:00:00","2026-08-28 13:38:11","2026-08-28 15:50:00","put side",716.38,716.4
"GF-QQQ-IC-PT50","shortcallspread","-720 call, +722 call","QQQ","closed",1,0,0.07,0.03,-7,4,0.020725,0.571429,193,"2.98872","0.015566","0.71428571","-1","2026-08-28 14:39:00","2026-08-28 13:50:00","2026-08-28 16:00:00","2026-08-28 13:42:05","2026-08-28 14:39:06","call side",716.11,716.32
"GF-QQQ-IC-Canary","shortcallspread","-720 call, +722 call","QQQ","closed",1,0,0.07,0.06,-7,1,0.005181,0.142857,193,"2.98872","0.015566","0.28571429","-1","2026-08-28 14:10:00","2026-08-28 13:50:00","2026-08-28 16:00:00","2026-08-28 13:42:05","2026-08-28 14:10:06","call side",716.11,716.72
"GF-QQQ-IC-Trail","shortputspread","-712 put, +710 put","QQQ","closed",1,0,0.08,0.07,-8,1,0.005208,0.125,192,"5.79546","0.030343","0.625","-0.75","2026-08-28 13:53:00","2026-08-28 13:40:00","2026-08-28 16:00:00","2026-08-28 13:38:11","2026-08-28 13:56:11","put side",716.38,716.51
"GF-QQQ-IC-PT50","shortputspread","-712 put, +710 put","QQQ","closed",1,0,0.08,0.04,-8,4,0.020833,0.5,192,"5.79546","0.030343","0.625","-0.75","2026-08-28 13:53:00","2026-08-28 13:40:00","2026-08-28 16:00:00","2026-08-28 13:38:11","2026-08-28 13:53:06","put side",716.38,717.09
"GF-QQQ-IC-SL100","shortcallspread","-720 call, +722 call","QQQ","closed",1,0,0.07,0.15,-7,-8,-0.041451,-1.142857,193,"2.98872","0.015566","-0.14285714","-1","2026-08-28 13:42:04","2026-08-28 13:50:00","2026-08-28 16:00:00","2026-08-28 13:42:05","2026-08-28 13:50:11","call side",716.11,717.12
"GF-QQQ-IC-Canary","shortputspread","-712 put, +710 put","QQQ","closed",1,0,0.08,0.06,-8,2,0.010417,0.25,192,"5.79546","0.030343","0.375","-0.75","2026-08-28 13:49:00","2026-08-28 13:40:00","2026-08-28 16:00:00","2026-08-28 13:38:11","2026-08-28 13:49:06","put side",716.38,717.17
"IC-SPX-FastPT25-S2","shortcallspread","-7,775 call, +7,780 call","SPX","closed",10,0,0.1,0.05,-100,50,0.010204,0.5,4900,"9.58152","0.019554","0.5","0","2026-08-28 12:24:00","2026-08-28 12:20:46","2026-08-28 16:00:00","2026-08-28 12:20:46","2026-08-28 12:26:45","call side",7718.08,7713.65
"60min-ORB-10W-Paper-v1","shortputspread","-7,715 put, +7,705 put","SPX","closed",1,0,0.75,0.25,-75,50,0.054054,0.666667,925,"44.85155","0.048488","0.66666667","-0.17333333","2026-08-28 11:21:00","2026-08-28 10:46:00","2026-08-28 16:00:00","2026-08-28 10:45:03","2026-08-28 11:21:00","test a",7752.69,7765.25
"IC-SPX-FastPT25-S2","shortputspread","-7,710 put, +7,705 put","SPX","closed",10,0,0.15,0.2,-150,-50,-0.010309,-0.333333,4850,"13.74454","0.028339","0","-0.33333333","2026-08-28 11:02:00","2026-08-28 11:06:00","2026-08-28 16:00:00","2026-08-28 11:02:00","2026-08-28 11:07:31","put side",7769.21,7765.93
"Nigiri-Paper-v1","shortputspread","-738 put, +733 put","SPY","closed",10,1,0.08,0.06,-80,20,0.004065,0.25,4920,"5.30443","0.010803","0.375","-0.625","2026-08-28 09:33:00","2026-08-27 09:58:00","2026-09-04 16:00:00","2026-08-27 09:54:18","2026-08-28 09:45:13","",769.27,772.61
"IC-SPX-FastPT25-S2-130PM","shortcallspread","-7,755 call, +7,760 call","SPX","closed",10,0,0.15,0.05,-150,100,0.020619,0.666667,4850,"-13.62104","-0.027912","1","0.2","2026-08-27 14:26:00","2026-08-27 13:46:02","2026-08-27 16:00:00","2026-08-27 13:46:02","2026-08-27 14:28:02","call side",7732.73,7713.31
"DIR-SPX-CallVIXdrop","longcallspread","+7,720 call, -7,735 call","SPX","closed",1,0,6.75,3.1,675,-365,-0.540741,-0.540741,675,"-83.04615","-0.123031","0.86666667","-0.54518519","2026-08-27 13:22:00","2026-08-27 14:28:00","2026-08-27 16:00:00","2026-08-27 11:00:03","2026-08-27 14:28:00",,7721.37,7713.29
"IC-SPX-FastPT25-S2-130PM","shortputspread","-7,715 put, +7,710 put","SPX","closed",10,0,0.3,2.2,-300,-1900,-0.404255,-6.333333,4700,"-13.7889","-0.029338","0","-6.33333333","2026-08-27 13:46:01","2026-08-27 14:28:00","2026-08-27 16:00:00","2026-08-27 13:46:01","2026-08-27 14:28:00","put side",7733.01,7713.29
"IC-SPX-FastPT25-S2","shortputspread","-7,665 put, +7,660 put","SPX","closed",10,0,0.1,0.15,-100,-50,-0.010204,-0.5,4900,"8.19202","0.016718","0","-0.5","2026-08-27 11:01:00","2026-08-27 11:03:00","2026-08-27 16:00:00","2026-08-27 11:01:00","2026-08-27 11:03:02","put side",7722.81,7722.77
"3DTE $140-$350","ironcondor","+7,475 put, -7,485 put, -7,890 call, +7,900 call","SPX","closed",1,1,0.5,0.15,-50,35,0.036842,0.7,950,"-20.016573","-0.021026","0.76","-0.4","2026-08-27 10:04:00","2026-08-26 12:45:00","2026-08-31 16:00:00","2026-08-26 10:00:05","2026-08-27 10:15:01","200,60percent",7687.73,7705.2
"Nigiri-Paper-v1","shortputspread","-748 put, +743 put","SPY","closed",10,1,0.1,0.02,-100,80,0.016327,0.8,4900,"9.73259","0.019903","0.9","-0.8","2026-08-27 09:54:00","2026-08-26 12:44:00","2026-08-28 16:00:00","2026-08-26 09:45:25","2026-08-27 09:54:06","",766.38,769.26
"Trendy-Paper-v1","shortputspread","-760 put, +750 put","SPY","closed",1,10,0.68,0.06,-68,62,0.066524,0.911765,932,"-35.46497","-0.038093","0.94117647","-2.36764706","2026-08-27 09:31:00","2026-08-20 15:58:00","2026-08-27 16:00:00","2026-08-17 10:00:13","2026-08-27 09:45:16",,775.31,769.23
"GF-QQQ-IC-Ride","shortputspread","-705 put, +703 put","QQQ","closed",1,0,0.1,0.06,-10,4,0.021053,0.4,190,"9.84827","0.052107","0.7","-0.2","2026-08-26 15:28:00","2026-08-26 13:31:14","2026-08-26 16:00:00","2026-08-26 13:31:14","2026-08-26 15:50:08","put side",710.69,712.14
"GF-QQQ-IC-SL100","shortputspread","-705 put, +703 put","QQQ","closed",1,0,0.1,0.06,-10,4,0.021053,0.4,190,"9.84827","0.052107","0.7","-0.2","2026-08-26 15:28:00","2026-08-26 13:31:14","2026-08-26 16:00:00","2026-08-26 13:31:14","2026-08-26 15:50:08","put side",710.69,712.14
"GF-QQQ-IC-Ride-Delta","shortputspread","-705 put, +703 put","QQQ","closed",1,0,0.1,0.06,-10,4,0.021053,0.4,190,"9.84827","0.052107","0.7","-0.2","2026-08-26 15:28:00","2026-08-26 13:31:14","2026-08-26 16:00:00","2026-08-26 13:31:14","2026-08-26 15:50:08","put side",710.69,712.14
"GF-QQQ-IC-SL200","shortputspread","-705 put, +703 put","QQQ","closed",1,0,0.1,0.06,-10,4,0.021053,0.4,190,"9.84827","0.052107","0.7","-0.2","2026-08-26 15:28:00","2026-08-26 13:31:14","2026-08-26 16:00:00","2026-08-26 13:31:14","2026-08-26 15:50:08","put side",710.69,712.14
"GF-QQQ-IC-Touch0","shortputspread","-705 put, +703 put","QQQ","closed",1,0,0.1,0.06,-10,4,0.021053,0.4,190,"9.84827","0.052107","0.7","-0.2","2026-08-26 15:28:00","2026-08-26 13:31:14","2026-08-26 16:00:00","2026-08-26 13:31:14","2026-08-26 15:50:08","put side",710.69,712.14
"GF-QQQ-IC-Ride-Delta","shortcallspread","-716 call, +718 call","QQQ","closed",1,0,0.1,0.26,-10,-16,-0.084211,-1.6,190,"9.20534","0.048706","0.1","-2.3","2026-08-26 14:15:00","2026-08-26 15:05:00","2026-08-26 16:00:00","2026-08-26 13:31:15","2026-08-26 15:50:02","call side",710.66,712.16
"GF-QQQ-IC-Canary","shortcallspread","-716 call, +718 call","QQQ","closed",1,0,0.1,0.26,-10,-16,-0.084211,-1.6,190,"9.20534","0.048706","0.1","-2.3","2026-08-26 14:15:00","2026-08-26 15:05:00","2026-08-26 16:00:00","2026-08-26 13:31:15","2026-08-26 15:50:02","call side",710.66,712.16
"QQQ-IC-0DTE-Fortress-NoPT50","shortcallspread","-716 call, +718 call","QQQ","closed",26,0,0.1,0.27,-260,-442,-0.089474,-1.7,4940,"9.20534","0.048706","0.1","-2.3","2026-08-26 14:15:00","2026-08-26 15:05:00","2026-08-26 16:00:00","2026-08-26 13:31:04","2026-08-26 15:50:02","call side",710.66,712.16
"GF-QQQ-IC-PT50","shortcallspread","-716 call, +718 call","QQQ","closed",1,0,0.1,0.26,-10,-16,-0.084211,-1.6,190,"9.20534","0.048706","0.1","-2.3","2026-08-26 14:15:00","2026-08-26 15:05:00","2026-08-26 16:00:00","2026-08-26 13:31:15","2026-08-26 15:50:02","call side",710.66,712.16
"GF-QQQ-IC-Ride","shortcallspread","-716 call, +718 call","QQQ","closed",1,0,0.1,0.26,-10,-16,-0.084211,-1.6,190,"9.20534","0.048706","0.1","-2.3","2026-08-26 14:15:00","2026-08-26 15:05:00","2026-08-26 16:00:00","2026-08-26 13:31:15","2026-08-26 15:50:02","call side",710.66,712.16
"GF-QQQ-IC-Trail","shortcallspread","-716 call, +718 call","QQQ","closed",1,0,0.1,0.26,-10,-16,-0.084211,-1.6,190,"9.20534","0.048706","0.1","-2.3","2026-08-26 14:15:00","2026-08-26 15:05:00","2026-08-26 16:00:00","2026-08-26 13:31:15","2026-08-26 15:50:02","call side",710.66,712.16
"GF-QQQ-IC-Touch0","shortcallspread","-716 call, +718 call","QQQ","closed",1,0,0.1,0.26,-10,-16,-0.084211,-1.6,190,"9.20534","0.048706","0.1","-2.3","2026-08-26 14:15:00","2026-08-26 15:05:00","2026-08-26 16:00:00","2026-08-26 13:31:15","2026-08-26 15:50:02","call side",710.66,712.16
"QQQ-IC-0DTE-Fortress-NoPT50","shortputspread","-705 put, +703 put","QQQ","closed",26,0,0.1,0.06,-260,104,0.021053,0.4,4940,"9.84827","0.052107","0.7","-0.2","2026-08-26 15:28:00","2026-08-26 13:32:00","2026-08-26 16:00:00","2026-08-26 13:31:03","2026-08-26 15:50:02","put side",710.69,712.16
"GF-QQQ-IC-Trail","shortputspread","-705 put, +703 put","QQQ","closed",1,0,0.1,0.06,-10,4,0.021053,0.4,190,"9.84827","0.052107","0.7","-0.2","2026-08-26 15:28:00","2026-08-26 13:31:14","2026-08-26 16:00:00","2026-08-26 13:31:14","2026-08-26 15:31:11","put side",710.69,712.19
"GF-QQQ-IC-SL200","shortcallspread","-716 call, +718 call","QQQ","closed",1,0,0.1,0.34,-10,-24,-0.126316,-2.4,190,"9.20534","0.048706","0.1","-2.3","2026-08-26 14:15:00","2026-08-26 15:05:00","2026-08-26 16:00:00","2026-08-26 13:31:15","2026-08-26 15:05:12","call side",710.66,712.96
"IC-SPX-FastPT25-S2-130PM","shortputspread","-7,655 put, +7,650 put","SPX","closed",10,0,0.2,0.05,-200,150,0.03125,0.75,4800,"-18.05633","-0.037617","1","-0.25","2026-08-26 14:54:00","2026-08-26 13:32:00","2026-08-26 16:00:00","2026-08-26 13:31:03","2026-08-26 15:05:04","put side",7675.36,7690.36
"IC-SPX-FastPT25-S2-130PM","shortcallspread","-7,690 call, +7,695 call","SPX","closed",10,0,0.4,2.05,-400,-1650,-0.358696,-4.125,4600,"-30.78555","-0.066925","0.75","-4.175","2026-08-26 14:15:00","2026-08-26 15:05:00","2026-08-26 16:00:00","2026-08-26 13:31:04","2026-08-26 15:05:01","call side",7675.32,7690.64
"GF-QQQ-IC-PT50","shortputspread","-705 put, +703 put","QQQ","closed",1,0,0.1,0.05,-10,5,0.026316,0.5,190,"9.84827","0.052107","0.6","-0.2","2026-08-26 15:04:00","2026-08-26 13:31:14","2026-08-26 16:00:00","2026-08-26 13:31:14","2026-08-26 15:04:06","put side",710.69,712.61
"GF-QQQ-IC-SL100","shortcallspread","-716 call, +718 call","QQQ","closed",1,0,0.1,0.21,-10,-11,-0.057895,-1.1,190,"9.20534","0.048706","0.1","-1","2026-08-26 14:15:00","2026-08-26 14:48:00","2026-08-26 16:00:00","2026-08-26 13:31:15","2026-08-26 14:48:12","call side",710.66,712.02
"GF-QQQ-IC-Canary","shortputspread","-705 put, +703 put","QQQ","closed",1,0,0.1,0.09,-10,1,0.005263,0.1,190,"9.84827","0.052107","0.2","-0.2","2026-08-26 14:33:00","2026-08-26 13:31:14","2026-08-26 16:00:00","2026-08-26 13:31:14","2026-08-26 14:33:06","put side",710.69,711.19
"Nigiri-Paper-v1","shortputspread","-744 put, +739 put","SPY","closed",10,1,0.1,0.06,-100,40,0.008163,0.4,4900,"9.70249","0.019842","0.5","-0.4","2026-08-26 09:45:00","2026-08-25 10:31:00","2026-08-28 16:00:00","2026-08-25 09:45:30","2026-08-26 09:45:13","",766.37,766.41
"3DTE $140-$350","ironcondor","+7,485 put, -7,495 put, -7,880 call, +7,890 call","SPX","expired",1,5,0.45,0,-45,45,0.04712,1,955,"-36.086272","-0.037787","1","-0.55555556","2026-08-24 11:00:00","2026-08-20 15:56:00","2026-08-25 16:00:00","2026-08-20 10:00:04","2026-08-25 16:15:00","190",7685.35,7677.28
"IC-SPX-FastPT25-S2-130PM","shortputspread","-7,645 put, +7,640 put","SPX","expired",10,0,0.25,0,-250,250,0.052632,1,4750,"-12.95476","-0.027273","1","0","2026-08-25 14:32:00","2026-08-25 13:31:01","2026-08-25 16:00:00","2026-08-25 13:31:00","2026-08-25 16:15:00","put side",7665.38,7677.28
"IC-SPX-FastPT25-S2-130PM","shortcallspread","-7,685 call, +7,690 call","SPX","expired",10,0,0.2,0,-200,200,0.041667,1,4800,"-21.81999","-0.045458","1","-1.25","2026-08-25 15:28:00","2026-08-25 14:46:00","2026-08-25 16:00:00","2026-08-25 13:31:02","2026-08-25 16:15:00","call side",7665.39,7677.28
"GF-QQQ-IC-Touch0","shortcallspread","-712 call, +714 call","QQQ","closed",1,0,0.07,0.01,-7,6,0.031088,0.857143,193,"-8.73504","-0.045495","1","-0.85714286","2026-08-25 15:15:00","2026-08-25 14:47:00","2026-08-25 16:00:00","2026-08-25 13:31:13","2026-08-25 15:50:01","call side",709.35,709.93
"GF-QQQ-IC-Ride-Delta","shortcallspread","-712 call, +714 call","QQQ","closed",1,0,0.07,0.01,-7,6,0.031088,0.857143,193,"-8.73504","-0.045495","1","-0.85714286","2026-08-25 15:15:00","2026-08-25 14:47:00","2026-08-25 16:00:00","2026-08-25 13:31:13","2026-08-25 15:50:01","call side",709.35,709.85
"GF-QQQ-IC-SL100","shortcallspread","-712 call, +714 call","QQQ","closed",1,0,0.07,0.01,-7,6,0.031088,0.857143,193,"-8.73504","-0.045495","1","-0.85714286","2026-08-25 15:15:00","2026-08-25 14:47:00","2026-08-25 16:00:00","2026-08-25 13:31:13","2026-08-25 15:50:01","call side",709.35,709.85
"GF-QQQ-IC-Ride","shortputspread","-707 put, +705 put","QQQ","closed",1,0,0.08,0.02,-8,6,0.03125,0.75,192,"-10.6075","-0.055537","0.875","-0.125","2026-08-25 14:34:00","2026-08-25 13:33:11","2026-08-25 16:00:00","2026-08-25 13:33:11","2026-08-25 15:50:01","put side",709.42,709.93
"GF-QQQ-IC-Ride-Delta","shortcallspread","-712 call, +714 call","QQQ","closed",1,0,0.07,0.01,-7,6,0.031088,0.857143,193,"-8.73504","-0.045495","1","-0.85714286","2026-08-25 15:15:00","2026-08-25 14:47:00","2026-08-25 16:00:00","2026-08-25 13:31:15","2026-08-25 15:50:01","call side",709.34,709.85
"GF-QQQ-IC-SL200","shortputspread","-707 put, +705 put","QQQ","closed",1,0,0.08,0.02,-8,6,0.03125,0.75,192,"-10.6075","-0.055537","0.875","-0.125","2026-08-25 14:34:00","2026-08-25 13:33:11","2026-08-25 16:00:00","2026-08-25 13:33:11","2026-08-25 15:50:01","put side",709.42,709.85
"GF-QQQ-IC-Ride","shortcallspread","-712 call, +714 call","QQQ","closed",1,0,0.07,0.01,-7,6,0.031088,0.857143,193,"-8.73504","-0.045495","1","-0.85714286","2026-08-25 15:15:00","2026-08-25 14:47:00","2026-08-25 16:00:00","2026-08-25 13:31:13","2026-08-25 15:50:01","call side",709.35,709.93
"GF-QQQ-IC-Touch0","shortputspread","-707 put, +705 put","QQQ","closed",1,0,0.08,0.02,-8,6,0.03125,0.75,192,"-10.6075","-0.055537","0.875","-0.125","2026-08-25 14:34:00","2026-08-25 13:33:11","2026-08-25 16:00:00","2026-08-25 13:33:11","2026-08-25 15:50:01","put side",709.42,709.93
"GF-QQQ-IC-SL100","shortputspread","-707 put, +705 put","QQQ","closed",1,0,0.08,0.02,-8,6,0.03125,0.75,192,"-10.6075","-0.055537","0.875","-0.125","2026-08-25 14:34:00","2026-08-25 13:33:11","2026-08-25 16:00:00","2026-08-25 13:33:11","2026-08-25 15:50:01","put side",709.42,709.85
"GF-QQQ-IC-SL200","shortcallspread","-712 call, +714 call","QQQ","closed",1,0,0.07,0.01,-7,6,0.031088,0.857143,193,"-8.73504","-0.045495","1","-0.85714286","2026-08-25 15:15:00","2026-08-25 14:47:00","2026-08-25 16:00:00","2026-08-25 13:31:13","2026-08-25 15:50:01","call side",709.35,709.93
"GF-QQQ-IC-Trail","shortcallspread","-712 call, +714 call","QQQ","closed",1,0,0.07,0.06,-7,1,0.005181,0.142857,193,"-8.73504","-0.045495","0.71428571","-0.14285714","2026-08-25 14:05:00","2026-08-25 13:31:13","2026-08-25 16:00:00","2026-08-25 13:31:13","2026-08-25 14:34:11","call side",709.35,709.86
"GF-QQQ-IC-PT50","shortputspread","-707 put, +705 put","QQQ","closed",1,0,0.08,0.04,-8,4,0.020833,0.5,192,"-10.6075","-0.055537","0.625","-0.125","2026-08-25 14:31:00","2026-08-25 13:33:11","2026-08-25 16:00:00","2026-08-25 13:33:11","2026-08-25 14:31:06","put side",709.42,709.6
"GF-QQQ-IC-PT50","shortcallspread","-712 call, +714 call","QQQ","closed",1,0,0.07,0.03,-7,4,0.020725,0.571429,193,"-8.73504","-0.045495","0.71428571","-0.14285714","2026-08-25 14:05:00","2026-08-25 13:31:13","2026-08-25 16:00:00","2026-08-25 13:31:13","2026-08-25 14:05:06","call side",709.35,708.98
"GF-QQQ-IC-Trail","shortputspread","-707 put, +705 put","QQQ","closed",1,0,0.08,0.09,-8,-1,-0.005208,-0.125,192,"-10.6075","-0.055537","0.625","-0.125","2026-08-25 14:00:00","2026-08-25 13:33:11","2026-08-25 16:00:00","2026-08-25 13:33:11","2026-08-25 14:02:11","put side",709.42,709.11
"GF-QQQ-IC-Canary","shortcallspread","-712 call, +714 call","QQQ","closed",1,0,0.07,0.06,-7,1,0.005181,0.142857,193,"-8.73504","-0.045495","0.28571429","-0.14285714","2026-08-25 13:47:00","2026-08-25 13:31:13","2026-08-25 16:00:00","2026-08-25 13:31:13","2026-08-25 13:47:06","call side",709.35,709.48
"GF-QQQ-IC-Canary","shortputspread","-707 put, +705 put","QQQ","closed",1,0,0.08,0.07,-8,1,0.005208,0.125,192,"-10.6075","-0.055537","0.25","-0.125","2026-08-25 13:40:00","2026-08-25 13:33:11","2026-08-25 16:00:00","2026-08-25 13:33:11","2026-08-25 13:40:06","put side",709.42,709.58
"60min-ORB-10W-Paper-v1","shortcallspread","-7,690 call, +7,700 call","SPX","closed",1,0,0.7,0.2,-70,50,0.053763,0.714286,930,"-30.62926","-0.032935","0.71428571","-0.71428571","2026-08-25 13:11:00","2026-08-25 12:04:00","2026-08-25 16:00:00","2026-08-25 10:30:05","2026-08-25 13:11:00","test b",7664.44,7667.94
"IC-SPX-FastPT25-S2","shortputspread","-7,605 put, +7,600 put","SPX","closed",10,0,0.1,0.05,-100,50,0.010204,0.5,4900,"8.24071","0.016818","0.5","0.2","2026-08-25 11:03:00","2026-08-25 11:01:01","2026-08-25 16:00:00","2026-08-25 11:01:01","2026-08-25 11:03:02","put side",7663.16,7663.46
"Nigiri-Paper-v1","shortputspread","-742 put, +737 put","SPY","closed",10,1,0.1,0.09,-100,10,0.002041,0.1,4900,"8.1898","0.016748","0.2","-0.5","2026-08-25 09:31:00","2026-08-24 15:54:00","2026-08-28 16:00:00","2026-08-24 14:30:24","2026-08-25 09:45:13","",764.9,766.32
"Friday 14 DTE Broken Wing IB (B-70)","ironbutterfly","+7,665 put, -7,725 put, -7,725 call, +7,765 call","SPX","closed",1,11,40.4,39,-4040,140,0.071429,0.034653,1960,"-164.40709","-0.083881","0.03465347","-0.1299505","2026-08-25 09:31:00","2026-08-24 11:21:00","2026-08-28 16:00:00","2026-08-14 10:30:03","2026-08-25 09:31:01","14 dte",7795.31,7681.8
"IC-SPX-FastPT25-S2-130PM","shortcallspread","-7,675 call, +7,680 call","SPX","expired",10,0,0.1,0,-100,100,0.020408,1,4900,"-18.16159","-0.037064","1","-8.3","2026-08-24 15:36:00","2026-08-24 14:31:00","2026-08-24 16:00:00","2026-08-24 13:31:03","2026-08-24 16:15:00","call side",7651.78,7652.86
"IC-SPX-FastPT25-S2-130PM","shortputspread","-7,630 put, +7,625 put","SPX","expired",10,0,0.3,0,-300,300,0.06383,1,4700,"-3.17503","-0.006755","1","-0.16666667","2026-08-24 14:19:00","2026-08-24 13:45:00","2026-08-24 16:00:00","2026-08-24 13:31:01","2026-08-24 16:15:00","put side",7651.8,7652.86
"Nigiri-Paper-v1","shortputspread","-737 put, +732 put","SPY","closed",10,3,0.09,0.07,-90,20,0.004073,0.222222,4910,"5.62707","0.011484","0.33333333","-0.33333333","2026-08-24 13:12:00","2026-08-24 09:45:00","2026-08-28 16:00:00","2026-08-21 11:12:11","2026-08-24 14:30:13","",765.98,764.9
"60min-ORB-10W-Paper-v1","shortputspread","-7,635 put, +7,625 put","SPX","closed",1,0,0.75,0.25,-75,50,0.054054,0.666667,925,"-14.80761","-0.016008","0.66666667","-0.13333333","2026-08-24 14:07:00","2026-08-24 13:45:00","2026-08-24 16:00:00","2026-08-24 13:30:02","2026-08-24 14:07:00","test a",7652.02,7655.51
"IC-SPX-FastPT25-S2","shortputspread","-7,590 put, +7,585 put","SPX","closed",10,0,0.1,0.05,-100,50,0.010204,0.5,4900,"6.17287","0.012546","0.5","0.2","2026-08-24 11:13:00","2026-08-24 11:11:01","2026-08-24 16:00:00","2026-08-24 11:11:01","2026-08-24 11:13:03","put side",7647.59,7647.64
"IC-SPX-FastPT25-S2-130PM","shortcallspread","-7,700 call, +7,705 call","SPX","expired",10,0,0.15,0,-150,150,0.030928,1,4850,"-16.35365","-0.033512","1","0","2026-08-21 14:31:00","2026-08-21 13:32:00","2026-08-21 16:00:00","2026-08-21 13:31:03","2026-08-21 16:15:00","call side",7676.72,7674.37
"Tasty Condor","ironcondor","+689 put, -704 put, -784 call, +799 call","SPY","expired",1,60,4.18,0,-418,418,0.386322,1,1082,"-29.413791","-0.027185","1","-0.00239234","2026-08-21 09:31:00","2026-06-22 10:30:14","2026-08-21 16:00:00","2026-06-22 10:30:14","2026-08-21 16:15:00","",746.5,765.72
"IC-SPX-FastPT25-S2-130PM","shortputspread","-7,655 put, +7,650 put","SPX","expired",10,0,0.25,0,-250,250,0.052632,1,4750,"-9.2549","-0.019484","1","-0.6","2026-08-21 15:08:00","2026-08-21 13:35:00","2026-08-21 16:00:00","2026-08-21 13:31:01","2026-08-21 16:15:00","put side",7676.64,7674.37
"GF-QQQ-IC-Ride","shortputspread","-710 put, +708 put","QQQ","closed",1,0,0.07,0.01,-7,6,0.031088,0.857143,193,"-3.99875","-0.020827","1","-0.28571429","2026-08-21 15:20:00","2026-08-21 13:35:11","2026-08-21 16:00:00","2026-08-21 13:35:11","2026-08-21 15:50:01","put side",713.19,714.11
"GF-QQQ-IC-Ride-Delta","shortputspread","-710 put, +708 put","QQQ","closed",1,0,0.07,0.01,-7,6,0.031088,0.857143,193,"-3.99875","-0.020827","1","-0.28571429","2026-08-21 15:20:00","2026-08-21 13:35:14","2026-08-21 16:00:00","2026-08-21 13:35:14","2026-08-21 15:50:01","put side",713.22,714.11
"GF-QQQ-IC-SL100","shortputspread","-710 put, +708 put","QQQ","closed",1,0,0.07,0.01,-7,6,0.031088,0.857143,193,"-3.99875","-0.020827","1","-0.28571429","2026-08-21 15:20:00","2026-08-21 13:35:11","2026-08-21 16:00:00","2026-08-21 13:35:11","2026-08-21 15:50:01","put side",713.19,714.11
"GF-QQQ-IC-SL200","shortputspread","-710 put, +708 put","QQQ","closed",1,0,0.07,0.01,-7,6,0.031088,0.857143,193,"-3.99875","-0.020827","1","-0.28571429","2026-08-21 15:20:00","2026-08-21 13:35:11","2026-08-21 16:00:00","2026-08-21 13:35:11","2026-08-21 15:50:01","put side",713.19,714.11
"GF-QQQ-IC-Ride-Delta","shortputspread","-710 put, +708 put","QQQ","closed",1,0,0.07,0.01,-7,6,0.031088,0.857143,193,"-3.99875","-0.020827","1","-0.28571429","2026-08-21 15:20:00","2026-08-21 13:35:11","2026-08-21 16:00:00","2026-08-21 13:35:11","2026-08-21 15:50:01","put side",713.19,714.11
"GF-QQQ-IC-Touch0","shortputspread","-710 put, +708 put","QQQ","closed",1,0,0.07,0.01,-7,6,0.031088,0.857143,193,"-3.99875","-0.020827","1","-0.28571429","2026-08-21 15:20:00","2026-08-21 13:35:11","2026-08-21 16:00:00","2026-08-21 13:35:11","2026-08-21 15:50:01","put side",713.19,714.11
"GF-QQQ-IC-PT50","shortputspread","-710 put, +708 put","QQQ","closed",1,0,0.07,0.03,-7,4,0.020725,0.571429,193,"-3.99875","-0.020827","0.71428571","-0.28571429","2026-08-21 14:50:00","2026-08-21 13:35:11","2026-08-21 16:00:00","2026-08-21 13:35:11","2026-08-21 14:50:06","put side",713.19,713.15
"DIR-SPX-CallVIXdrop","longcallspread","+7,675 call, -7,690 call","SPX","closed",1,0,6.3,2.95,630,-335,-0.531746,-0.531746,630,"-27.66646","-0.043915","0.86507937","-0.53174603","2026-08-21 11:54:00","2026-08-21 14:10:00","2026-08-21 16:00:00","2026-08-21 11:00:02","2026-08-21 14:10:00",,7676.67,7672.26
"GF-QQQ-IC-Trail","shortputspread","-710 put, +708 put","QQQ","closed",1,0,0.07,0.08,-7,-1,-0.005181,-0.142857,193,"-3.99875","-0.020827","0.42857143","-0.28571429","2026-08-21 13:38:00","2026-08-21 13:35:11","2026-08-21 16:00:00","2026-08-21 13:35:11","2026-08-21 13:41:11","put side",713.19,713.23
"GF-QQQ-IC-Canary","shortputspread","-710 put, +708 put","QQQ","closed",1,0,0.07,0.06,-7,1,0.005181,0.142857,193,"-3.99875","-0.020827","0.28571429","-0.28571429","2026-08-21 13:40:00","2026-08-21 13:35:11","2026-08-21 16:00:00","2026-08-21 13:35:11","2026-08-21 13:40:06","put side",713.19,713.4
"Nigiri-Paper-v1","shortputspread","-754 put, +749 put","SPY","closed",10,7,0.07,0.01,-70,60,0.01217,0.857143,4930,"-3.43809","-0.006988","1","-2.57142857","2026-08-21 11:12:00","2026-08-18 11:02:00","2026-08-21 16:00:00","2026-08-14 09:45:29","2026-08-21 11:12:00","",778.48,765.98
"IC-SPX-FastPT25-S2","shortputspread","-7,620 put, +7,615 put","SPX","closed",10,0,0.1,0.1,-100,0,0,0,4900,"8.13256","0.016597","0","0","2026-08-21 11:01:00","2026-08-21 11:01:00","2026-08-21 16:00:00","2026-08-21 11:01:00","2026-08-21 11:03:01","put side",7678.77,7676.32
"60min-ORB-10W-Paper-v1","shortcallspread","-7,680 call, +7,690 call","SPX","closed",1,0,1.9,3.3,-190,-140,-0.172839,-0.736842,810,"-9.59625","-0.011803","-0.01052632","-0.73684211","2026-08-21 10:45:02","2026-08-21 10:57:00","2026-08-21 16:00:00","2026-08-21 10:45:02","2026-08-21 10:57:01","test b",7664.75,7673.45
"IC-SPX-FastPT25-S2-130PM","shortputspread","-7,640 put, +7,635 put","SPX","expired",10,0,0.3,0,-300,300,0.06383,1,4700,"10.16723","0.021632","0.76666667","-2.4","2026-08-20 15:54:00","2026-08-20 14:17:00","2026-08-20 16:00:00","2026-08-20 13:31:01","2026-08-20 16:15:00","put side",7665.37,7641.16
"IC-SPX-FastPT25-S2-130PM","shortcallspread","-7,690 call, +7,695 call","SPX","expired",10,0,0.25,0,-250,250,0.052632,1,4750,"2.07072","0.004359","1","0","2026-08-20 14:14:00","2026-08-20 13:31:03","2026-08-20 16:00:00","2026-08-20 13:31:03","2026-08-20 16:15:00","call side",7665.62,7641.16
"GF-QQQ-IC-SL200","shortcallspread","-714 call, +716 call","QQQ","closed",1,0,0.07,0.01,-7,6,0.031088,0.857143,193,"-5.54739","-0.028893","1","-0.42857143","2026-08-20 15:45:00","2026-08-20 13:52:00","2026-08-20 16:00:00","2026-08-20 13:32:14","2026-08-20 15:50:01","call side",710.94,711.29
"GF-QQQ-IC-Touch0","shortcallspread","-714 call, +716 call","QQQ","closed",1,0,0.07,0.01,-7,6,0.031088,0.857143,193,"-5.54739","-0.028893","1","-0.42857143","2026-08-20 15:45:00","2026-08-20 13:52:00","2026-08-20 16:00:00","2026-08-20 13:32:14","2026-08-20 15:50:01","call side",710.94,711.29
"GF-QQQ-IC-Trail","shortcallspread","-714 call, +716 call","QQQ","closed",1,0,0.07,0.01,-7,6,0.031088,0.857143,193,"-5.54739","-0.028893","1","-0.42857143","2026-08-20 15:45:00","2026-08-20 13:52:00","2026-08-20 16:00:00","2026-08-20 13:32:14","2026-08-20 15:50:01","call side",710.94,711.29
"GF-QQQ-IC-SL100","shortcallspread","-714 call, +716 call","QQQ","closed",1,0,0.07,0.01,-7,6,0.031088,0.857143,193,"-5.54739","-0.028893","1","-0.42857143","2026-08-20 15:45:00","2026-08-20 13:52:00","2026-08-20 16:00:00","2026-08-20 13:32:14","2026-08-20 15:50:01","call side",710.94,711.29
"GF-QQQ-IC-Touch0","shortputspread","-707 put, +705 put","QQQ","closed",1,0,0.07,0.01,-7,6,0.031088,0.857143,193,"0.07308","0.000381","1","-3.57142857","2026-08-20 15:36:00","2026-08-20 14:17:00","2026-08-20 16:00:00","2026-08-20 13:33:11","2026-08-20 15:50:01","put side",710.74,711.29
"GF-QQQ-IC-Ride","shortputspread","-707 put, +705 put","QQQ","closed",1,0,0.07,0.01,-7,6,0.031088,0.857143,193,"0.07308","0.000381","1","-3.57142857","2026-08-20 15:36:00","2026-08-20 14:17:00","2026-08-20 16:00:00","2026-08-20 13:33:11","2026-08-20 15:50:01","put side",710.74,711.29
"GF-QQQ-IC-Ride","shortcallspread","-714 call, +716 call","QQQ","closed",1,0,0.07,0.01,-7,6,0.031088,0.857143,193,"-5.54739","-0.028893","1","-0.42857143","2026-08-20 15:45:00","2026-08-20 13:52:00","2026-08-20 16:00:00","2026-08-20 13:32:14","2026-08-20 15:50:01","call side",710.94,711.29
"GF-QQQ-IC-Ride-Delta","shortputspread","-707 put, +705 put","QQQ","closed",1,0,0.07,0.01,-7,6,0.031088,0.857143,193,"0.07308","0.000381","1","-3.57142857","2026-08-20 15:36:00","2026-08-20 14:17:00","2026-08-20 16:00:00","2026-08-20 13:33:11","2026-08-20 15:50:01","put side",710.74,711.29
"GF-QQQ-IC-Ride-Delta","shortcallspread","-714 call, +716 call","QQQ","closed",1,0,0.07,0.01,-7,6,0.031088,0.857143,193,"-3.74627","-0.019512","1","-0.42857143","2026-08-20 15:45:00","2026-08-20 13:52:00","2026-08-20 16:00:00","2026-08-20 13:31:15","2026-08-20 15:50:01","call side",710.72,711.29
"GF-QQQ-IC-PT50","shortputspread","-707 put, +705 put","QQQ","closed",1,0,0.07,0.03,-7,4,0.020725,0.571429,193,"0.07308","0.000381","0.71428571","-3.57142857","2026-08-20 15:09:00","2026-08-20 14:17:00","2026-08-20 16:00:00","2026-08-20 13:33:11","2026-08-20 15:09:06","put side",710.74,710.6
"GF-QQQ-IC-PT50","shortcallspread","-714 call, +716 call","QQQ","closed",1,0,0.07,0.03,-7,4,0.020725,0.571429,193,"-5.54739","-0.028893","0.71428571","-0.42857143","2026-08-20 14:17:00","2026-08-20 13:52:00","2026-08-20 16:00:00","2026-08-20 13:32:14","2026-08-20 14:17:06","call side",710.94,708.73
"GF-QQQ-IC-SL200","shortputspread","-707 put, +705 put","QQQ","closed",1,0,0.07,0.22,-7,-15,-0.07772,-2.142857,193,"0.07308","0.000381","0.57142857","-2","2026-08-20 13:51:00","2026-08-20 14:07:00","2026-08-20 16:00:00","2026-08-20 13:33:11","2026-08-20 14:07:11","put side",710.74,709.32
"GF-QQQ-IC-SL100","shortputspread","-707 put, +705 put","QQQ","closed",1,0,0.07,0.15,-7,-8,-0.041451,-1.142857,193,"0.07308","0.000381","0.57142857","-1","2026-08-20 13:51:00","2026-08-20 14:04:00","2026-08-20 16:00:00","2026-08-20 13:33:11","2026-08-20 14:04:11","put side",710.74,709.88
"GF-QQQ-IC-Canary","shortcallspread","-714 call, +716 call","QQQ","closed",1,0,0.07,0.05,-7,2,0.010363,0.285714,193,"-5.54739","-0.028893","0.42857143","-0.42857143","2026-08-20 14:02:00","2026-08-20 13:52:00","2026-08-20 16:00:00","2026-08-20 13:32:14","2026-08-20 14:02:06","call side",710.94,710.38
"GF-QQQ-IC-Trail","shortputspread","-707 put, +705 put","QQQ","closed",1,0,0.07,0.06,-7,1,0.005181,0.142857,193,"0.07308","0.000381","0.57142857","-0.28571429","2026-08-20 13:51:00","2026-08-20 13:35:00","2026-08-20 16:00:00","2026-08-20 13:33:11","2026-08-20 13:55:11","put side",710.74,710.89
"GF-QQQ-IC-Canary","shortputspread","-707 put, +705 put","QQQ","closed",1,0,0.07,0.05,-7,2,0.010363,0.285714,193,"0.07308","0.000381","0.42857143","-0.28571429","2026-08-20 13:49:00","2026-08-20 13:35:00","2026-08-20 16:00:00","2026-08-20 13:33:11","2026-08-20 13:49:06","put side",710.74,711.05
"IC-SPX-FastPT25-S2","shortcallspread","-7,745 call, +7,750 call","SPX","closed",10,0,0.1,0.05,-100,50,0.010204,0.5,4900,"7.47776","0.015261","0.5","0","2026-08-20 11:08:00","2026-08-20 11:07:02","2026-08-20 16:00:00","2026-08-20 11:07:02","2026-08-20 11:10:03","call side",7689.81,7684.18
"IC-SPX-FastPT25-S2","shortputspread","-7,635 put, +7,630 put","SPX","closed",10,0,0.15,0.15,-150,0,0,0,4850,"13.07518","0.026959","0.33333333","0","2026-08-20 11:02:00","2026-08-20 11:01:01","2026-08-20 16:00:00","2026-08-20 11:01:01","2026-08-20 11:03:03","put side",7692.43,7696.31
"IC-SPX-FastPT25-S2-130PM","shortputspread","-7,690 put, +7,685 put","SPX","expired",10,0,0.3,0,-300,300,0.06383,1,4700,"7.61361","0.016131","1","-0.5","2026-08-19 15:08:00","2026-08-19 14:10:00","2026-08-19 16:00:00","2026-08-19 13:31:02","2026-08-19 16:15:00","put side",7715.75,7707.98
"IC-SPX-FastPT25-S2-130PM","shortcallspread","-7,740 call, +7,745 call","SPX","expired",10,0,0.25,0,-250,250,0.052632,1,4750,"0.09405","0.000198","1","-1.2","2026-08-19 15:23:00","2026-08-19 14:03:00","2026-08-19 16:00:00","2026-08-19 13:31:03","2026-08-19 16:15:00","call side",7715.7,7707.98
"3DTE $140-$350","ironcondor","+7,605 put, -7,615 put, -8,000 call, +8,010 call","SPX","expired",1,5,0.25,0,-25,25,0.025641,1,975,"-64.740983","-0.066265","1","-2.12","2026-08-19 10:32:00","2026-08-18 09:34:00","2026-08-19 16:00:00","2026-08-14 10:00:04","2026-08-19 16:15:00","190",7806.12,7707.98
"GF-QQQ-IC-SL200","shortcallspread","-720 call, +722 call","QQQ","closed",1,0,0.07,0.01,-7,6,0.031088,0.857143,193,"-3.78127","-0.019694","1","-0.85714286","2026-08-19 15:30:00","2026-08-19 14:03:00","2026-08-19 16:00:00","2026-08-19 13:52:14","2026-08-19 15:50:01","call side",716.88,715.6
"GF-QQQ-IC-Ride","shortcallspread","-720 call, +722 call","QQQ","closed",1,0,0.07,0.01,-7,6,0.031088,0.857143,193,"-3.78127","-0.019694","1","-0.85714286","2026-08-19 15:30:00","2026-08-19 14:03:00","2026-08-19 16:00:00","2026-08-19 13:52:14","2026-08-19 15:50:01","call side",716.88,715.6
"GF-QQQ-IC-SL100","shortputspread","-712 put, +710 put","QQQ","closed",1,0,0.07,0.01,-7,6,0.031088,0.857143,193,"1.54891","0.008067","1","-0.42857143","2026-08-19 15:17:00","2026-08-19 14:10:00","2026-08-19 16:00:00","2026-08-19 13:33:12","2026-08-19 15:50:01","put side",716.14,715.6
"GF-QQQ-IC-Touch0","shortcallspread","-720 call, +722 call","QQQ","closed",1,0,0.07,0.01,-7,6,0.031088,0.857143,193,"-3.78127","-0.019694","1","-0.85714286","2026-08-19 15:30:00","2026-08-19 14:03:00","2026-08-19 16:00:00","2026-08-19 13:52:14","2026-08-19 15:50:01","call side",716.88,715.6
"GF-QQQ-IC-Ride-Delta","shortputspread","-712 put, +710 put","QQQ","closed",1,0,0.07,0.01,-7,6,0.031088,0.857143,193,"1.54891","0.008067","1","-0.42857143","2026-08-19 15:17:00","2026-08-19 14:10:00","2026-08-19 16:00:00","2026-08-19 13:33:14","2026-08-19 15:50:01","put side",716.14,715.6
"GF-QQQ-IC-SL200","shortputspread","-712 put, +710 put","QQQ","closed",1,0,0.07,0.01,-7,6,0.031088,0.857143,193,"1.54891","0.008067","1","-0.42857143","2026-08-19 15:17:00","2026-08-19 14:10:00","2026-08-19 16:00:00","2026-08-19 13:33:12","2026-08-19 15:50:01","put side",716.14,715.6
"GF-QQQ-IC-Ride-Delta","shortputspread","-712 put, +710 put","QQQ","closed",1,0,0.07,0.01,-7,6,0.031088,0.857143,193,"1.54891","0.008067","1","-0.42857143","2026-08-19 15:17:00","2026-08-19 14:10:00","2026-08-19 16:00:00","2026-08-19 13:33:12","2026-08-19 15:50:01","put side",716.14,715.6
"GF-QQQ-IC-SL100","shortcallspread","-720 call, +722 call","QQQ","closed",1,0,0.07,0.01,-7,6,0.031088,0.857143,193,"-3.78127","-0.019694","1","-0.85714286","2026-08-19 15:30:00","2026-08-19 14:03:00","2026-08-19 16:00:00","2026-08-19 13:52:14","2026-08-19 15:50:01","call side",716.88,715.6
"GF-QQQ-IC-Touch0","shortputspread","-712 put, +710 put","QQQ","closed",1,0,0.07,0.01,-7,6,0.031088,0.857143,193,"1.54891","0.008067","1","-0.42857143","2026-08-19 15:17:00","2026-08-19 14:10:00","2026-08-19 16:00:00","2026-08-19 13:33:12","2026-08-19 15:50:01","put side",716.14,715.6
"GF-QQQ-IC-Ride","shortputspread","-712 put, +710 put","QQQ","closed",1,0,0.07,0.01,-7,6,0.031088,0.857143,193,"1.54891","0.008067","1","-0.42857143","2026-08-19 15:17:00","2026-08-19 14:10:00","2026-08-19 16:00:00","2026-08-19 13:33:12","2026-08-19 15:50:01","put side",716.14,715.6
"GF-QQQ-IC-Trail","shortcallspread","-720 call, +722 call","QQQ","closed",1,0,0.07,0.05,-7,2,0.010363,0.285714,193,"-3.78127","-0.019694","0.71428571","-0.85714286","2026-08-19 14:10:00","2026-08-19 14:03:00","2026-08-19 16:00:00","2026-08-19 13:52:14","2026-08-19 14:12:11","call side",716.88,716.12
"GF-QQQ-IC-PT50","shortcallspread","-720 call, +722 call","QQQ","closed",1,0,0.07,0.03,-7,4,0.020725,0.571429,193,"-3.78127","-0.019694","0.71428571","-0.85714286","2026-08-19 14:10:00","2026-08-19 14:03:00","2026-08-19 16:00:00","2026-08-19 13:52:14","2026-08-19 14:10:07","call side",716.88,715.65
"GF-QQQ-IC-Canary","shortcallspread","-720 call, +722 call","QQQ","closed",1,0,0.07,0.05,-7,2,0.010363,0.285714,193,"-3.78127","-0.019694","0.42857143","-0.85714286","2026-08-19 14:09:00","2026-08-19 14:03:00","2026-08-19 16:00:00","2026-08-19 13:52:14","2026-08-19 14:09:06","call side",716.88,715.92
"GF-QQQ-IC-PT50","shortputspread","-712 put, +710 put","QQQ","closed",1,0,0.07,0.03,-7,4,0.020725,0.571429,193,"1.54891","0.008067","0.71428571","-0.14285714","2026-08-19 14:04:00","2026-08-19 13:33:12","2026-08-19 16:00:00","2026-08-19 13:33:12","2026-08-19 14:04:06","put side",716.14,717.46
"GF-QQQ-IC-Trail","shortputspread","-712 put, +710 put","QQQ","closed",1,0,0.07,0.06,-7,1,0.005181,0.142857,193,"1.54891","0.008067","0.57142857","-0.14285714","2026-08-19 13:54:00","2026-08-19 13:33:12","2026-08-19 16:00:00","2026-08-19 13:33:12","2026-08-19 14:00:12","put side",716.14,716.57
"GF-QQQ-IC-Canary","shortputspread","-712 put, +710 put","QQQ","closed",1,0,0.07,0.06,-7,1,0.005181,0.142857,193,"1.54891","0.008067","0.28571429","-0.14285714","2026-08-19 13:37:00","2026-08-19 13:33:12","2026-08-19 16:00:00","2026-08-19 13:33:12","2026-08-19 13:37:06","put side",716.14,716.38
"DIR-SPX-CallVIXdrop","longcallspread","+7,740 call, -7,755 call","SPX","closed",1,0,6.4,3.2,640,-320,-0.5,-0.5,640,"-42.01019","-0.065641","0.015625","-0.5046875","2026-08-19 11:00:03","2026-08-19 11:28:00","2026-08-19 16:00:00","2026-08-19 11:00:03","2026-08-19 11:28:00",,7741.48,7730.43
"IC-SPX-FastPT25-S2","shortputspread","-7,685 put, +7,680 put","SPX","closed",10,0,0.1,0.1,-100,0,0,0,4900,"7.6076","0.015526","0","0","2026-08-19 11:02:01","2026-08-19 11:02:01","2026-08-19 16:00:00","2026-08-19 11:02:01","2026-08-19 11:04:03","put side",7741.9,7740.73
"60min-ORB-10W-Paper-v1","shortputspread","-7,700 put, +7,690 put","SPX","closed",1,0,0.85,0.35,-85,50,0.054645,0.588235,915,"9.39908","0.010239","0.58823529","-0.08235294","2026-08-19 11:00:00","2026-08-19 10:50:00","2026-08-19 16:00:00","2026-08-19 10:45:03","2026-08-19 11:00:01","test a",7729.52,7741.5
"IC-SPX-FastPT25-S2-130PM","shortcallspread","-7,720 call, +7,725 call","SPX","expired",10,0,0.25,0,-250,250,0.052632,1,4750,"-23.18466","-0.04881","1","-0.2","2026-08-18 15:34:00","2026-08-18 13:32:00","2026-08-18 16:00:00","2026-08-18 13:31:03","2026-08-18 16:15:00","call side",7701.63,7691.76
"IC-SPX-FastPT25-S2-130PM","shortputspread","-7,680 put, +7,675 put","SPX","expired",10,0,0.25,0,-250,250,0.052632,1,4750,"-8.71054","-0.018338","1","-0.6","2026-08-18 15:25:00","2026-08-18 14:00:00","2026-08-18 16:00:00","2026-08-18 13:31:02","2026-08-18 16:15:00","put side",7701.39,7691.76
"60min-ORB-10W-Paper-v1","shortcallspread","-7,715 call, +7,725 call","SPX","closed",1,0,1.7,1.2,-170,50,0.060241,0.294118,830,"19.14468","0.022983","0.29411765","-0.48235294","2026-08-18 13:18:00","2026-08-18 12:23:00","2026-08-18 16:00:00","2026-08-18 11:15:07","2026-08-18 13:18:00","test b",7696.74,7704.01
"IC-SPX-FastPT25-S2","shortputspread","-7,640 put, +7,635 put","SPX","closed",10,0,0.15,0.15,-150,0,0,0,4850,"12.84216","0.026479","0.2","0","2026-08-18 11:03:00","2026-08-18 11:01:02","2026-08-18 16:00:00","2026-08-18 11:01:02","2026-08-18 11:03:03","put side",7696.65,7696.87
"IC-SPX-FastPT25-S2-130PM","shortcallspread","-7,775 call, +7,780 call","SPX","expired",10,0,0.3,0,-300,300,0.06383,1,4700,"-19.08616","-0.040609","1","0","2026-08-17 15:02:00","2026-08-17 13:31:02","2026-08-17 16:00:00","2026-08-17 13:31:03","2026-08-17 16:15:00","call side",7756.54,7745.06
"IC-SPX-FastPT25-S2-130PM","shortputspread","-7,730 put, +7,725 put","SPX","expired",10,0,0.25,0,-250,250,0.052632,1,4750,"3.29193","0.006887","1","-0.28","2026-08-17 14:49:00","2026-08-17 13:40:00","2026-08-17 16:00:00","2026-08-17 13:31:01","2026-08-17 16:15:00","put side",7756.31,7745.06
"GF-QQQ-IC-Ride-Delta","shortputspread","-727 put, +725 put","QQQ","closed",1,0,0.1,0.01,-10,9,0.047368,0.9,190,"-4.48366","-0.023723","1","0","2026-08-17 14:50:00","2026-08-17 13:35:12","2026-08-17 16:00:00","2026-08-17 13:35:11","2026-08-17 15:50:01","put side",729.96,730.53
"GF-QQQ-IC-SL200","shortputspread","-727 put, +725 put","QQQ","closed",1,0,0.1,0.01,-10,9,0.047368,0.9,190,"-4.48366","-0.023723","1","0","2026-08-17 14:50:00","2026-08-17 13:35:12","2026-08-17 16:00:00","2026-08-17 13:35:11","2026-08-17 15:50:01","put side",729.96,730.53
"GF-QQQ-IC-Ride-Delta","shortputspread","-727 put, +725 put","QQQ","closed",1,0,0.09,0.01,-9,8,0.041885,0.888889,191,"-4.48366","-0.023723","1","-0.11111111","2026-08-17 14:50:00","2026-08-17 13:35:15","2026-08-17 16:00:00","2026-08-17 13:35:14","2026-08-17 15:50:01","put side",729.91,730.53
"GF-QQQ-IC-Touch0","shortputspread","-727 put, +725 put","QQQ","closed",1,0,0.1,0.01,-10,9,0.047368,0.9,190,"-4.48366","-0.023723","1","0","2026-08-17 14:50:00","2026-08-17 13:35:12","2026-08-17 16:00:00","2026-08-17 13:35:11","2026-08-17 15:50:01","put side",729.96,730.53
"GF-QQQ-IC-Ride","shortputspread","-727 put, +725 put","QQQ","closed",1,0,0.1,0.01,-10,9,0.047368,0.9,190,"-4.48366","-0.023723","1","0","2026-08-17 14:50:00","2026-08-17 13:35:12","2026-08-17 16:00:00","2026-08-17 13:35:11","2026-08-17 15:50:01","put side",729.96,730.53
"GF-QQQ-IC-SL100","shortputspread","-727 put, +725 put","QQQ","closed",1,0,0.1,0.01,-10,9,0.047368,0.9,190,"-4.48366","-0.023723","1","0","2026-08-17 14:50:00","2026-08-17 13:35:12","2026-08-17 16:00:00","2026-08-17 13:35:11","2026-08-17 15:50:01","put side",729.96,730.53
"GF-QQQ-IC-PT50","shortputspread","-727 put, +725 put","QQQ","closed",1,0,0.1,0.05,-10,5,0.026316,0.5,190,"-4.48366","-0.023723","0.6","0","2026-08-17 14:13:00","2026-08-17 13:35:12","2026-08-17 16:00:00","2026-08-17 13:35:11","2026-08-17 14:13:05","put side",729.96,730.22
"GF-QQQ-IC-Canary","shortputspread","-727 put, +725 put","QQQ","closed",1,0,0.1,0.09,-10,1,0.005263,0.1,190,"-4.48366","-0.023723","0.2","0","2026-08-17 13:39:00","2026-08-17 13:35:12","2026-08-17 16:00:00","2026-08-17 13:35:11","2026-08-17 13:39:06","put side",729.96,730.17
"GF-QQQ-IC-Trail","shortputspread","-727 put, +725 put","QQQ","closed",1,0,0.1,0.09,-10,1,0.005263,0.1,190,"-4.48366","-0.023723","0.4","0","2026-08-17 13:37:00","2026-08-17 13:35:12","2026-08-17 16:00:00","2026-08-17 13:35:11","2026-08-17 13:38:11","put side",729.96,730.1
"IC-SPX-FastPT25-S2-130PM","shortcallspread","-7,795 call, +7,800 call","SPX","expired",10,0,0.3,0,-300,300,0.06383,1,4700,"-39.02173","-0.083025","1","-0.56666667","2026-08-14 15:56:00","2026-08-14 14:14:00","2026-08-14 16:00:00","2026-08-14 13:31:02","2026-08-14 16:15:00","call side",7779.79,7785.76
"IC-SPX-FastPT25-S2-130PM","shortputspread","-7,760 put, +7,755 put","SPX","expired",10,0,0.25,0,-250,250,0.052632,1,4750,"-18.20882","-0.038334","1","-0.4","2026-08-14 14:51:00","2026-08-14 13:42:00","2026-08-14 16:00:00","2026-08-14 13:31:00","2026-08-14 16:15:00","put side",7779.61,7785.76
"GF-QQQ-IC-SL100","shortputspread","-726 put, +724 put","QQQ","closed",1,0,0.07,0.01,-7,6,0.031088,0.857143,193,"-9.1754","-0.047789","1","-0.14285714","2026-08-14 15:12:00","2026-08-14 13:39:11","2026-08-14 16:00:00","2026-08-14 13:39:11","2026-08-14 15:50:01","put side",728.87,730.41
"GF-QQQ-IC-Ride","shortputspread","-726 put, +724 put","QQQ","closed",1,0,0.07,0.01,-7,6,0.031088,0.857143,193,"-9.1754","-0.047789","1","-0.14285714","2026-08-14 15:12:00","2026-08-14 13:39:11","2026-08-14 16:00:00","2026-08-14 13:39:11","2026-08-14 15:50:01","put side",728.87,730.41
"GF-QQQ-IC-Touch0","shortputspread","-726 put, +724 put","QQQ","closed",1,0,0.07,0.01,-7,6,0.031088,0.857143,193,"-9.1754","-0.047789","1","-0.14285714","2026-08-14 15:12:00","2026-08-14 13:39:11","2026-08-14 16:00:00","2026-08-14 13:39:11","2026-08-14 15:50:01","put side",728.87,730.41
"GF-QQQ-IC-Trail","shortputspread","-726 put, +724 put","QQQ","closed",1,0,0.07,0.01,-7,6,0.031088,0.857143,193,"-9.1754","-0.047789","1","-0.14285714","2026-08-14 15:12:00","2026-08-14 13:39:11","2026-08-14 16:00:00","2026-08-14 13:39:11","2026-08-14 15:50:01","put side",728.87,730.41
"GF-QQQ-IC-SL200","shortputspread","-726 put, +724 put","QQQ","closed",1,0,0.07,0.01,-7,6,0.031088,0.857143,193,"-9.1754","-0.047789","1","-0.14285714","2026-08-14 15:12:00","2026-08-14 13:39:11","2026-08-14 16:00:00","2026-08-14 13:39:11","2026-08-14 15:50:01","put side",728.87,730.41
"GF-QQQ-IC-Ride-Delta","shortputspread","-726 put, +724 put","QQQ","closed",1,0,0.07,0.01,-7,6,0.031088,0.857143,193,"-9.1754","-0.047789","1","-0.14285714","2026-08-14 15:12:00","2026-08-14 13:39:11","2026-08-14 16:00:00","2026-08-14 13:39:11","2026-08-14 15:50:01","put side",728.87,730.41
"GF-QQQ-IC-Ride-Delta","shortputspread","-726 put, +724 put","QQQ","closed",1,0,0.07,0.01,-7,6,0.031088,0.857143,193,"-9.1754","-0.047789","1","-0.14285714","2026-08-14 15:12:00","2026-08-14 13:39:13","2026-08-14 16:00:00","2026-08-14 13:39:13","2026-08-14 15:50:01","put side",728.87,730.41
"GF-QQQ-IC-PT50","shortputspread","-726 put, +724 put","QQQ","closed",1,0,0.07,0.03,-7,4,0.020725,0.571429,193,"-9.1754","-0.047789","0.71428571","-0.14285714","2026-08-14 14:06:00","2026-08-14 13:39:11","2026-08-14 16:00:00","2026-08-14 13:39:11","2026-08-14 14:06:06","put side",728.87,729.73
"GF-QQQ-IC-Canary","shortputspread","-726 put, +724 put","QQQ","closed",1,0,0.07,0.06,-7,1,0.005181,0.142857,193,"-9.1754","-0.047789","0.28571429","-0.14285714","2026-08-14 13:46:00","2026-08-14 13:39:11","2026-08-14 16:00:00","2026-08-14 13:39:11","2026-08-14 13:46:06","put side",728.87,729.05
"IC-SPX-FastPT25-S2","shortputspread","-7,725 put, +7,720 put","SPX","closed",10,0,0.1,0.1,-100,0,0,0,4900,"8.23348","0.016803","0.5","0","2026-08-14 11:28:00","2026-08-14 11:27:00","2026-08-14 16:00:00","2026-08-14 11:27:00","2026-08-14 11:29:01","put side",7781.41,7781.88
"60min-ORB-10W-Paper-v1","shortcallspread","-7,815 call, +7,825 call","SPX","closed",1,0,0.95,0.45,-95,50,0.055249,0.526316,905,"-36.15683","-0.039733","0.52631579","-0.10526316","2026-08-14 11:00:00","2026-08-14 10:47:00","2026-08-14 16:00:00","2026-08-14 10:45:06","2026-08-14 11:00:01","test b",7793.16,7789.18
"Nigiri-Paper-v1","shortputspread","-750 put, +745 put","SPY","closed",10,1,0.09,0.07,-90,20,0.004073,0.222222,4910,"0.0486","0.000099","0.44444444","-0.22222222","2026-08-14 09:36:00","2026-08-13 11:29:00","2026-08-21 16:00:00","2026-08-13 09:49:30","2026-08-14 09:45:13","",776.81,778.52
"3DTE $140-$350","ironcondor","+7,580 put, -7,590 put, -7,935 call, +7,945 call","SPX","expired",1,3,0.45,0,-45,45,0.04712,1,955,"-9.185371","-0.009618","1","-0.22222222","2026-08-12 13:43:00","2026-08-10 12:45:00","2026-08-13 16:00:00","2026-08-10 10:00:03","2026-08-13 16:15:00","170",7760.29,7798.99
"IC-SPX-FastPT25-S2-130PM","shortcallspread","-7,810 call, +7,815 call","SPX","expired",10,0,0.3,0,-300,300,0.06383,1,4700,"-39.48096","-0.084002","1","-3.1","2026-08-13 15:56:00","2026-08-13 15:10:00","2026-08-13 16:00:00","2026-08-13 13:31:04","2026-08-13 16:15:00","call side",7794.95,7798.99
"IC-SPX-FastPT25-S2-130PM","shortputspread","-7,775 put, +7,770 put","SPX","expired",10,0,0.25,0,-250,250,0.052632,1,4750,"-15.56051","-0.032759","1","-0.8","2026-08-13 15:01:00","2026-08-13 13:38:00","2026-08-13 16:00:00","2026-08-13 13:31:02","2026-08-13 16:15:00","put side",7795.05,7798.99
"Trendy-Paper-v1","shortputspread","-756 put, +746 put","SPY","closed",1,2,0.71,0.31,-71,40,0.043057,0.56338,929,"-12.6613","-0.013629","0.69014084","-0.35211268","2026-08-13 10:40:00","2026-08-11 14:30:00","2026-08-21 16:00:00","2026-08-11 09:45:22","2026-08-13 11:30:19",,773.36,776.22
"IC-SPX-FastPT25-S2","shortputspread","-7,745 put, +7,740 put","SPX","closed",10,0,0.15,0.15,-150,0,0,0,4850,"9.81588","0.020115","0.2","0","2026-08-13 11:03:01","2026-08-13 11:05:00","2026-08-13 16:00:00","2026-08-13 11:03:01","2026-08-13 11:05:03","put side",7802.03,7797.9
"Nigiri-Paper-v1","shortputspread","-758 put, +753 put","SPY","closed",10,1,0.09,0.02,-90,70,0.014257,0.777778,4910,"4.61619","0.009421","0.88888889","-0.33333333","2026-08-13 09:49:00","2026-08-12 10:05:00","2026-08-14 16:00:00","2026-08-12 09:45:25","2026-08-13 09:49:07","",772.95,776.77
"IC-SPX-FastPT25-S2-130PM","shortcallspread","-7,770 call, +7,775 call","SPX","expired",10,0,0.25,0,-250,250,0.052632,1,4750,"-21.82767","-0.04576","1","-0.6","2026-08-12 15:22:00","2026-08-12 14:42:00","2026-08-12 16:00:00","2026-08-12 13:31:02","2026-08-12 16:15:00","call side",7750.84,7748.5
"IC-SPX-FastPT25-S2-130PM","shortputspread","-7,730 put, +7,725 put","SPX","expired",10,0,0.25,0,-250,250,0.052632,1,4750,"-12.2535","-0.025797","1","0","2026-08-12 14:41:00","2026-08-12 13:31:00","2026-08-12 16:00:00","2026-08-12 13:31:01","2026-08-12 16:15:00","put side",7750.71,7748.5
"DIR-SPX-CallVIXdrop","longcallspread","+7,745 call, -7,760 call","SPX","closed",1,0,6.05,6.7,605,65,0.107438,0.107438,605,"-50.60852","-0.08365","0.81322314","-0.36859504","2026-08-12 14:52:00","2026-08-12 11:41:00","2026-08-12 16:00:00","2026-08-12 11:00:02","2026-08-12 15:50:01",,7744.79,7751.5
"IC-SPX-FastPT25-S2","shortputspread","-7,685 put, +7,680 put","SPX","closed",10,0,0.1,0.1,-100,0,0,0,4900,"8.35145","0.017044","0.2","0","2026-08-12 11:02:00","2026-08-12 11:01:00","2026-08-12 16:00:00","2026-08-12 11:01:01","2026-08-12 11:03:02","put side",7744.07,7743.36
"Nigiri-Paper-v1","shortputspread","-752 put, +747 put","SPY","closed",10,1,0.07,0.04,-70,30,0.006085,0.428571,4930,"6.06709","0.012331","0.57142857","-0.85714286","2026-08-12 09:34:00","2026-08-11 14:30:00","2026-08-14 16:00:00","2026-08-11 10:00:32","2026-08-12 09:45:14","",773.65,772.95
"IC-SPX-FastPT25-S2-130PM","shortputspread","-7,705 put, +7,700 put","SPX","expired",10,0,0.25,0,-250,250,0.052632,1,4750,"5.2887","0.011134","1","-2.6","2026-08-11 15:31:00","2026-08-11 14:30:00","2026-08-11 16:00:00","2026-08-11 13:31:01","2026-08-11 16:15:00","put side",7730.88,7728.2
"IC-SPX-FastPT25-S2-130PM","shortcallspread","-7,750 call, +7,755 call","SPX","expired",10,0,0.35,0,-350,350,0.075269,1,4650,"-13.69984","-0.029273","1","-0.28571429","2026-08-11 15:00:00","2026-08-11 13:45:00","2026-08-11 16:00:00","2026-08-11 13:31:03","2026-08-11 16:15:00","call side",7730.92,7728.2
"60min-ORB-10W-Paper-v1","shortcallspread","-7,770 call, +7,780 call","SPX","closed",1,0,0.8,0.3,-80,50,0.054348,0.625,920,"-50.37399","-0.054754","0.625","-0.0625","2026-08-11 11:48:00","2026-08-11 11:22:00","2026-08-11 16:00:00","2026-08-11 11:15:05","2026-08-11 11:48:00","test b",7749.63,7742.47
"IC-SPX-FastPT25-S2","shortputspread","-7,695 put, +7,690 put","SPX","closed",10,0,0.1,0.05,-100,50,0.010204,0.5,4900,"8.19749","0.01673","0.5","0.2","2026-08-11 11:07:00","2026-08-11 11:08:00","2026-08-11 16:00:00","2026-08-11 11:07:00","2026-08-11 11:09:02","put side",7753.28,7752.08
"Nigiri-Paper-v1","shortputspread","-751 put, +746 put","SPY","closed",10,1,0.08,0.08,-80,0,0,0,4920,"3.99427","0.008135","0.25","-0.375","2026-08-10 10:42:00","2026-08-10 12:46:00","2026-08-14 16:00:00","2026-08-10 09:45:29","2026-08-11 10:00:12","",772.96,773.57
"IC-SPX-FastPT25-S2-130PM","shortcallspread","-7,770 call, +7,775 call","SPX","expired",10,0,0.4,0,-400,400,0.086957,1,4600,"-33.05923","-0.071868","1","0","2026-08-10 15:28:00","2026-08-10 13:31:02","2026-08-10 16:00:00","2026-08-10 13:31:02","2026-08-10 16:15:00","call side",7755.11,7753.11
"IC-SPX-FastPT25-S2-130PM","shortputspread","-7,730 put, +7,725 put","SPX","expired",10,0,0.2,0,-200,200,0.041667,1,4800,"-3.44969","-0.007187","1","-0.5","2026-08-10 15:04:00","2026-08-10 13:38:00","2026-08-10 16:00:00","2026-08-10 13:31:00","2026-08-10 16:15:00","put side",7755.09,7753.11
"60min-ORB-10W-Paper-v1","shortputspread","-7,745 put, +7,735 put","SPX","closed",1,0,0.9,2.4,-90,-150,-0.164835,-1.666667,910,"-19.54287","-0.021476","0.33333333","-1.66666667","2026-08-10 12:01:00","2026-08-10 12:38:00","2026-08-10 16:00:00","2026-08-10 10:45:02","2026-08-10 12:38:00","test a",7769.57,7750.34
"IC-SPX-FastPT25-S2","shortputspread","-7,700 put, +7,695 put","SPX","closed",10,0,0.15,0.1,-150,50,0.010309,0.333333,4850,"12.34917","0.025462","0.33333333","0","2026-08-10 11:02:00","2026-08-10 11:01:00","2026-08-10 16:00:00","2026-08-10 11:01:00","2026-08-10 11:03:02","put side",7756.88,7759.91